pf,so3,mgo,sio2,fe2o3,caot,al2o3,na2o,k2o,r1_iram1622,r2_iram1622,r3_iram1622,r7_iram1622,r28_iram1622
1.83,2.89,0.99,22.16,4.6,60.98,4.86,0.1,1.14,,31.3,,50.1,61.8
1.58,2.88,0.71,22.62,4.08,61.09,4.58,0.13,1.01,19.1,32.2,37.9,49.4,60.5
1.83,2.9,0.9,22.76,4.49,61.9,4.69,0.12,1.02,,32.0,,47.4,61.5
1.97,2.84,0.72,22.45,4.08,61.75,4.57,0.12,1.02,,29.9,,46.2,60.1
2.01,2.85,0.69,22.67,4.16,61.07,4.64,0.13,1.04,17.5,30.1,35.8,47.3,58.5
1.88,2.91,0.69,22.61,4.13,61.29,4.64,0.13,1.07,,30.8,,45.6,58.0
2.81,2.9,0.69,22.4,4.55,62.26,4.73,0.12,1.0,,30.5,,44.0,55.2
2.21,2.99,0.73,22.48,4.09,60.74,4.75,0.13,1.32,,31.2,,44.1,57.3
1.97,2.91,0.71,22.69,4.03,60.69,4.27,0.13,1.26,,30.4,,46.0,57.0
1.96,2.86,0.67,22.44,4.48,60.8,4.69,0.14,1.2,,30.2,,44.9,57.5
2.15,2.88,0.72,21.7,4.66,61.9,4.79,0.11,1.2,17.1,30.0,35.0,45.5,56.7
2.32,2.82,0.71,22.23,4.06,61.55,4.54,0.12,0.99,,31.1,,46.8,57.9
2.08,2.91,0.72,22.63,4.13,60.76,4.68,0.13,0.98,,32.1,,49.2,59.4
1.94,2.84,0.72,22.75,4.12,61.23,4.68,0.13,0.96,,30.7,,48.3,58.7
1.83,2.88,0.79,22.54,4.1,61.0,4.7,0.09,1.11,,31.4,,47.7,60.3
1.95,2.9,0.74,20.71,4.19,60.8,4.77,0.13,0.9,17.0,29.5,34.8,45.0,59.2
1.95,2.88,0.69,22.46,4.26,61.29,4.68,0.11,0.89,,29.7,,45.1,57.8
2.38,2.88,0.67,22.29,4.23,61.09,4.6,0.13,0.79,,29.9,,43.7,57.7
2.31,2.85,0.7,22.47,4.21,60.89,4.68,0.13,0.83,,33.6,,50.2,58.4
2.15,2.89,0.7,22.72,4.08,60.95,4.77,0.13,1.12,,29.8,,45.2,56.9
2.09,2.92,0.69,22.5,4.11,61.52,4.69,0.13,1.02,,30.0,,44.7,59.1
2.25,2.89,0.68,22.59,4.07,60.66,4.71,0.12,1.12,18.4,29.4,34.3,45.5,57.7
2.19,2.92,0.77,22.19,4.49,60.84,4.64,0.13,1.16,,27.5,,42.7,59.4
1.83,2.94,0.67,22.68,4.12,60.85,4.71,0.13,1.09,,30.7,,45.6,57.1
1.99,2.88,0.63,22.66,4.2,60.8,4.59,0.13,0.99,,28.1,,43.0,58.1
2.19,2.9,0.7,22.55,4.49,61.48,4.7,0.13,0.96,,30.1,,47.1,58.4
1.97,2.89,0.9,22.66,4.52,61.91,4.86,0.14,0.98,17.3,30.2,35.8,43.8,56.5
2.13,2.92,0.96,21.98,4.8,62.42,4.9,0.14,0.89,,28.8,,44.5,57.6
2.62,2.9,0.88,22.49,4.77,62.9,4.86,0.13,1.05,,29.4,,45.0,58.3
2.44,2.89,0.9,22.46,4.79,60.98,4.9,0.14,1.0,,28.7,,45.0,55.5
2.04,2.9,0.86,21.9,4.55,61.86,4.85,0.13,0.99,,31.3,,46.5,59.4
1.9,2.9,0.7,22.46,4.55,60.44,4.77,0.1,1.14,,29.5,,44.6,55.4
2.41,2.86,0.69,21.68,4.49,61.9,4.69,0.11,1.2,16.3,30.2,35.0,45.3,57.9
1.69,2.9,0.72,21.87,4.49,60.88,4.76,0.14,1.2,,28.1,,41.0,52.9
2.32,2.82,0.62,22.67,4.24,60.77,4.63,0.13,0.94,,28.5,,43.4,58.6
1.72,2.72,0.58,22.43,4.21,59.92,4.57,0.13,0.9,,27.1,,43.0,54.4
2.04,2.82,0.67,21.66,4.28,60.09,4.64,0.14,0.9,,26.1,,42.6,55.6
2.09,2.91,0.62,22.43,4.38,60.08,4.57,0.13,0.93,12.1,28.7,34.6,46.6,55.4
1.76,2.9,0.63,22.73,4.39,60.42,4.65,0.13,0.98,,24.8,,40.7,53.1
2.08,2.8,0.7,21.9,4.39,60.89,4.77,0.14,0.97,,27.1,,44.8,56.8
2.01,2.87,0.71,22.16,4.44,61.9,4.69,0.14,0.87,,27.5,,44.5,55.2
1.76,2.89,0.64,22.66,4.6,60.88,4.69,0.13,0.89,,31.7,,47.1,59.3
1.93,2.91,0.7,22.49,4.48,61.98,4.59,0.13,0.9,,30.1,,45.8,58.2
1.87,2.96,0.65,21.62,4.2,62.52,4.33,0.12,0.93,,33.4,,49.6,63.5
2.09,2.81,0.62,21.59,4.18,62.1,4.35,0.12,0.95,21.1,34.1,39.1,46.8,62.0
1.7,2.87,0.67,22.4,4.19,62.1,4.45,0.12,0.9,,33.8,,49.2,63.2
1.78,2.94,0.65,22.61,4.28,61.05,4.7,0.13,1.16,15.8,28.6,,43.9,54.7
1.98,2.83,0.64,22.6,4.26,61.05,4.72,0.13,1.15,16.4,28.9,,44.7,56.2
1.83,2.87,0.65,22.8,4.25,60.49,4.78,0.13,1.15,16.0,28.0,,45.0,57.8
1.76,2.95,0.64,22.73,4.23,60.41,4.77,0.13,1.21,16.5,29.3,,43.8,57.0
1.64,2.86,0.63,21.53,4.16,61.69,4.43,0.12,1.0,22.3,33.3,,49.3,60.9
1.68,2.87,0.67,21.55,4.17,62.57,4.38,0.12,0.94,22.6,33.3,,49.8,61.5
1.95,2.88,0.67,22.46,4.1,61.25,4.6,0.13,1.14,,33.6,,50.8,61.1
2.03,2.85,0.66,21.61,4.11,62.3,4.36,0.13,0.98,,34.5,,49.8,61.0
1.8,2.84,0.66,22.35,4.29,61.04,4.52,0.13,0.96,,32.2,,49.4,61.3
1.75,2.89,0.69,22.17,4.47,60.95,4.59,0.14,0.98,,32.8,,50.2,64.0
1.93,2.88,0.65,22.46,4.14,61.44,4.63,0.13,1.07,,30.5,,47.3,60.2
1.76,2.8,0.68,22.64,4.24,61.1,4.66,0.14,1.03,20.0,32.0,35.4,48.3,58.3
1.74,2.9,0.67,22.49,4.16,61.18,4.66,0.13,1.18,,33.1,,50.3,59.8
1.64,2.86,0.65,22.5,4.21,61.32,4.59,0.13,1.04,,33.8,,47.9,60.2
1.93,2.91,0.66,22.6,4.49,61.49,4.61,0.13,0.77,,33.9,,49.7,60.9
1.84,2.92,0.65,22.45,4.27,61.35,4.53,0.13,0.85,,30.4,,46.4,58.5
1.57,2.99,0.65,22.39,4.31,60.74,4.57,0.13,0.88,20.3,30.9,34.8,49.3,59.7
1.87,2.91,0.72,22.4,4.64,61.96,4.8,0.14,0.94,,31.1,,46.6,61.3
2.2,2.91,0.66,21.49,4.49,61.79,4.76,0.14,0.86,,32.9,,47.9,59.6
1.91,2.88,0.65,22.1,4.7,62.19,4.86,0.11,0.9,,33.1,,48.8,62.0
1.71,2.9,0.66,22.6,4.77,61.98,4.9,0.12,0.95,,32.9,,50.2,59.7
1.73,2.89,0.7,21.96,4.76,60.9,4.88,0.14,0.9,,33.3,,49.8,61.9
1.99,2.92,0.65,22.46,4.76,61.92,4.9,0.14,0.87,19.1,28.9,33.0,46.5,59.5
1.66,2.9,0.72,21.88,4.69,61.89,4.9,0.13,0.86,,30.6,,48.6,60.4
1.83,2.88,0.89,22.66,4.7,61.99,4.89,0.12,1.14,,32.4,,49.9,61.0
1.97,2.9,0.99,21.89,4.59,62.64,4.77,0.12,1.12,,34.7,,52.6,62.7
1.69,2.91,0.9,22.7,4.75,62.4,4.9,0.11,1.14,,33.0,,48.1,59.9
1.81,2.89,0.87,21.9,4.19,60.97,4.66,0.12,1.12,,32.7,,49.8,60.1
2.0,2.92,0.98,22.78,4.18,61.9,4.77,0.14,1.14,20.2,31.5,38.5,48.2,59.8
1.86,2.87,0.66,22.34,4.29,61.2,4.55,0.14,0.96,,34.5,,49.7,61.5
1.66,2.85,0.66,22.49,4.25,60.77,4.65,0.14,1.03,,33.9,,48.6,57.1
1.63,2.85,0.65,22.19,4.2,60.52,4.63,0.13,1.04,,33.9,,51.5,60.8
1.66,2.98,0.75,23.03,4.16,60.98,4.9,0.1,1.2,19.9,34.1,39.6,49.5,59.8
1.62,3.17,0.88,23.04,4.39,63.42,4.76,0.14,0.86,,29.9,,45.4,59.7
1.95,2.84,0.66,22.44,4.14,60.39,4.71,0.13,1.11,,34.2,,48.8,59.1
2.27,2.86,0.67,22.23,4.08,60.61,4.65,0.13,1.11,,31.5,,47.3,60.3
1.95,2.84,0.7,22.35,4.12,60.5,4.73,0.14,1.14,19.8,31.2,36.9,48.4,58.8
2.15,2.88,0.71,20.72,3.88,62.71,4.14,0.13,1.11,,30.7,,46.2,58.2
2.16,2.89,0.72,22.22,4.13,60.84,4.74,0.13,1.2,,31.1,,45.2,58.7
2.24,2.92,0.7,22.16,4.15,60.68,4.7,0.13,1.11,,31.9,,45.9,58.2
2.07,2.97,0.75,22.32,4.17,60.86,4.79,0.14,1.17,,30.4,,47.7,59.5
2.04,2.87,0.71,22.21,4.16,60.61,4.71,0.13,1.07,,29.9,,46.8,58.5
2.13,2.85,0.73,22.19,4.21,60.68,4.73,0.13,1.07,18.9,30.5,38.4,47.5,59.4
2.08,2.81,0.73,22.38,4.23,60.38,4.73,0.14,1.0,,30.0,,47.5,59.2
2.12,2.92,0.74,22.24,4.26,60.98,4.71,0.14,1.04,,30.1,,46.5,59.2
1.89,2.82,0.74,22.27,4.31,60.9,4.64,0.14,0.95,,31.9,,47.1,59.6
1.83,2.9,0.8,22.77,4.46,60.89,4.87,0.14,0.86,,30.9,,47.6,59.6
1.67,2.9,0.84,22.46,4.66,61.4,4.89,0.13,0.85,19.3,31.6,38.3,49.0,61.0
1.94,2.92,0.77,20.86,4.61,61.46,4.7,0.14,0.88,,31.0,,49.0,61.8
1.77,2.91,0.66,21.86,4.3,60.76,4.55,0.13,0.79,,33.3,,47.6,58.5
1.64,2.92,0.79,21.26,4.29,62.4,4.44,0.14,0.66,,32.5,,51.0,60.6
1.67,2.91,0.67,22.66,4.38,61.94,4.65,0.14,0.7,,30.6,,,
1.92,2.88,0.69,22.19,4.56,61.87,4.69,0.14,0.74,,30.4,,48.9,58.6
1.7,2.92,0.72,21.98,4.69,60.97,4.82,0.11,0.66,,32.7,,47.6,57.8
1.46,2.86,0.66,21.96,4.46,61.98,4.6,0.14,1.09,18.1,32.1,37.4,48.4,59.9
2.08,2.92,0.72,22.29,4.64,61.86,4.89,0.12,1.1,,32.7,,52.1,62.3
1.98,2.9,0.86,21.89,4.61,60.94,4.86,0.12,1.14,,32.0,,53.1,63.0
1.9,2.87,0.94,22.48,4.73,62.43,4.89,0.14,1.12,,34.1,,52.3,62.1
1.62,2.9,0.86,21.9,4.9,61.4,4.88,0.14,1.2,,36.3,,52.3,63.0
1.56,2.87,0.89,21.9,4.77,60.87,4.9,0.14,1.2,19.4,34.6,41.5,50.8,61.7
2.0,2.86,0.85,21.86,4.1,61.87,4.23,0.1,1.09,,35.1,,49.8,60.5
1.96,2.88,0.79,21.86,4.33,60.98,4.47,0.14,1.14,,36.3,,49.9,59.8
1.62,2.85,0.77,21.88,4.77,61.79,4.83,0.12,1.14,,36.8,,50.4,61.2
1.56,2.87,0.84,21.82,4.63,60.86,4.8,0.14,1.1,,35.1,,53.4,60.4
1.93,2.89,0.98,21.86,4.88,62.86,4.79,0.13,1.1,,35.1,,53.7,62.0
1.82,2.91,0.99,22.6,4.98,61.88,4.91,0.11,1.13,17.3,33.6,41.7,50.2,60.8
1.67,2.92,0.9,22.66,5.06,60.8,4.96,0.14,1.14,,33.0,,52.1,60.2
1.68,2.9,0.96,21.79,4.88,60.8,4.77,0.11,1.11,,35.2,,52.4,60.6
1.71,2.87,0.98,22.1,4.82,61.88,4.66,0.12,1.14,,32.6,,50.7,61.2
1.75,2.9,0.89,21.9,4.86,60.86,4.76,0.13,1.14,,33.1,,50.2,59.3
1.47,2.88,0.93,21.87,4.89,60.86,4.88,0.14,1.13,,32.2,,47.3,59.5
2.03,2.91,0.98,22.76,4.85,61.89,4.9,0.12,1.14,19.5,32.9,41.6,49.6,59.8
2.05,2.96,0.85,21.66,4.96,62.53,4.23,0.13,1.08,,32.9,,48.5,59.7
1.84,2.9,0.9,22.79,4.99,61.9,4.9,0.14,1.11,,31.5,,45.1,57.7
1.87,2.98,0.72,21.96,5.27,61.79,4.18,0.13,0.99,,31.8,,46.9,56.9
2.09,2.84,0.79,22.01,5.09,61.18,4.29,0.14,1.01,,30.1,,47.2,58.7
1.53,2.85,0.79,22.02,5.0,61.06,4.38,0.14,1.08,,32.7,,49.9,60.0
2.07,2.91,0.8,22.86,4.75,60.9,4.69,0.11,1.14,,32.6,,48.1,61.7
1.52,2.88,0.86,22.88,4.77,60.95,4.49,0.14,1.11,14.9,32.3,41.2,48.3,60.1
1.55,2.86,0.9,21.94,4.8,61.96,4.69,0.11,1.14,,31.2,,46.5,56.8
1.62,2.88,0.91,22.9,4.68,61.4,4.7,0.11,1.1,,28.6,,48.1,58.9
1.71,2.9,0.89,21.96,4.6,61.66,4.66,0.14,1.1,17.6,30.8,,46.9,58.7
1.51,2.88,0.9,22.2,4.85,61.58,4.43,0.14,1.1,17.0,30.5,,46.8,59.0
2.0,2.94,0.88,22.11,4.82,61.27,4.48,0.15,1.11,16.9,30.3,40.1,45.1,58.3
1.59,2.84,0.86,21.83,5.0,61.53,4.33,0.14,1.05,,30.6,,45.7,58.7
1.8,2.84,0.92,22.19,4.8,61.17,4.49,0.14,1.06,,30.4,,46.0,59.1
1.87,2.88,0.91,22.1,4.8,61.61,4.47,0.14,1.1,,29.5,,45.6,60.7
1.71,2.89,0.9,22.13,4.83,61.46,4.45,0.14,1.05,,29.5,,47.0,59.3
1.69,2.92,0.89,22.1,4.85,61.47,4.44,0.14,1.09,,30.4,,47.2,58.3
1.67,2.88,0.83,21.82,5.05,61.78,4.26,0.13,1.05,,31.7,,47.6,57.1
1.45,2.86,0.8,21.86,4.75,60.49,4.66,0.14,1.06,,30.3,,47.3,60.9
1.85,2.89,0.8,22.16,4.92,61.4,4.86,0.14,1.06,17.0,31.0,39.0,48.2,57.5
2.06,2.91,0.84,22.66,4.91,61.4,4.8,0.11,1.1,,33.1,,51.2,59.4
2.06,2.91,0.84,22.66,4.91,61.4,4.88,0.11,1.1,,31.7,,48.5,60.1
1.94,2.88,0.9,20.9,4.26,61.1,4.86,0.15,0.89,16.9,31.6,,45.7,56.5
1.79,2.87,0.86,21.9,4.6,60.4,4.19,0.12,0.89,17.7,28.9,,44.9,55.9
2.19,2.87,0.9,22.79,4.77,61.9,4.86,0.14,0.9,,31.8,,46.5,56.9
2.1,2.86,0.85,21.96,4.66,62.06,4.77,0.14,0.88,,29.0,,45.1,54.9
2.31,2.9,0.92,22.04,4.79,60.84,4.88,0.14,0.91,18.4,29.8,35.4,45.4,54.9
2.14,2.91,0.86,22.6,4.85,60.9,4.99,0.14,0.87,,27.4,,42.3,53.4
2.1,2.9,0.79,21.86,4.77,61.87,4.86,0.14,0.85,,31.3,,45.7,56.7
2.66,2.9,0.86,22.04,4.7,60.58,4.76,0.11,0.76,,30.9,,46.2,55.7
1.74,2.87,0.9,21.96,4.76,61.86,4.64,0.1,0.85,,31.0,,47.9,59.4
1.86,2.89,0.91,22.04,4.72,62.09,4.79,0.14,0.76,,29.2,,47.0,57.7
2.55,2.92,0.86,22.9,4.49,60.88,4.86,0.14,1.0,16.5,31.4,38.1,49.2,59.3
2.08,2.95,0.74,21.81,4.46,60.99,4.48,0.13,1.06,,29.9,,47.7,59.7
2.2,2.88,0.79,22.15,4.59,61.3,4.48,0.14,1.05,,34.9,,51.8,61.6
2.34,2.9,0.66,22.19,4.4,60.46,4.49,0.14,1.06,,33.2,,48.9,60.3
2.42,2.97,0.76,22.14,4.48,61.31,4.54,0.14,1.08,,30.6,,45.8,58.2
2.11,2.91,0.8,22.37,4.8,61.72,4.38,0.14,1.02,17.4,32.1,38.0,48.6,59.9
2.42,2.9,0.82,22.4,4.57,60.86,4.76,0.14,1.06,,31.8,,50.2,59.6
2.33,2.86,0.77,21.86,4.58,61.9,4.66,0.11,1.0,,32.6,,50.3,59.8
2.17,2.85,0.81,22.25,4.74,61.63,4.42,0.14,0.98,,30.6,,46.5,57.5
2.1,2.9,0.77,21.86,4.4,60.77,4.46,0.14,0.96,,29.0,,44.7,55.6
1.97,2.92,0.8,21.8,4.79,60.99,4.86,0.14,1.01,,30.6,,46.9,59.5
2.26,2.9,0.84,22.66,4.7,61.9,4.9,0.14,1.0,18.8,31.2,36.6,46.1,58.1
2.1,2.9,0.84,21.9,4.74,61.87,4.94,0.14,1.06,,30.9,,50.1,61.2
2.83,2.94,0.81,22.66,4.88,60.9,4.96,0.12,1.06,,31.9,,46.0,58.2
1.36,2.9,0.92,22.19,4.77,60.7,4.86,0.11,1.1,,30.1,,47.2,59.9
2.51,2.87,0.9,22.4,4.79,61.7,4.77,0.14,1.04,,29.8,,46.6,57.1
2.61,2.89,0.77,21.94,4.72,60.86,4.65,0.14,1.11,19.5,32.5,39.6,48.8,60.4
1.85,2.86,0.93,22.06,4.53,60.09,4.41,0.14,1.02,,29.1,,44.9,56.0
1.64,2.94,0.89,21.93,4.56,61.63,4.34,0.14,1.07,16.3,28.0,,44.8,57.6
2.21,2.9,0.9,22.38,4.7,61.04,4.34,0.11,1.15,16.3,28.3,,45.2,57.3
2.21,2.94,0.9,22.49,4.55,60.71,4.44,0.11,1.18,,28.2,,45.8,57.6
2.28,2.91,0.89,22.49,4.67,60.95,4.36,0.11,1.14,15.5,28.1,31.8,44.5,56.7
2.14,2.81,0.9,21.88,4.62,61.45,4.36,0.14,1.1,,27.3,,44.9,55.9
2.14,2.9,0.92,22.19,4.35,61.4,4.4,0.14,1.1,,24.8,,42.2,56.6
1.73,2.89,0.9,21.64,4.7,60.66,4.8,0.14,1.14,,27.9,,42.9,58.2
1.83,2.9,0.93,22.22,4.68,61.46,4.44,0.15,1.06,,28.0,,44.8,58.8
2.36,2.87,0.96,22.94,4.87,61.09,4.96,0.1,1.04,,28.1,,46.6,57.1
2.22,2.9,0.95,21.86,4.79,60.94,4.96,0.14,1.01,,31.3,,45.9,56.3
2.22,2.89,0.9,22.19,4.46,62.16,4.94,0.14,1.01,,32.9,,47.2,57.6
1.65,2.9,0.88,21.96,4.8,60.97,4.94,0.12,0.86,,31.1,,47.7,57.6
1.62,2.84,0.79,22.19,5.04,61.84,4.21,0.14,0.85,20.3,34.6,44.3,48.2,59.7
1.77,2.87,0.82,22.26,4.8,61.46,4.35,0.14,1.01,,31.6,,46.3,56.7
1.95,2.73,0.82,21.98,4.88,61.73,4.22,0.14,0.95,,32.0,,48.9,58.2
1.69,2.87,0.96,22.66,4.76,61.9,4.9,0.12,0.96,,32.6,,51.3,60.3
1.93,2.86,0.87,21.8,4.9,60.87,4.89,0.14,0.91,,30.7,,46.8,59.1
1.61,2.9,0.9,22.66,4.96,61.79,4.92,0.14,0.86,,29.2,,45.7,57.0
1.9,2.86,0.88,21.9,4.81,60.88,4.76,0.13,0.91,,30.2,,46.2,60.4
1.88,2.84,0.79,20.66,4.86,61.92,4.75,0.14,0.85,,27.2,,43.7,59.1
1.92,2.91,0.88,22.24,4.77,61.22,4.37,0.15,1.16,17.0,29.7,35.8,48.5,57.3
2.03,2.8,0.86,21.84,4.79,61.89,4.18,0.15,1.11,,27.5,,43.5,55.4
1.78,2.89,0.84,21.64,4.47,61.92,4.2,0.14,1.14,,34.5,,49.8,56.5
2.24,2.94,0.82,21.8,4.86,60.9,4.7,0.14,1.15,,32.5,,47.5,57.0
1.9,2.9,0.91,21.9,4.92,60.94,4.7,0.14,1.1,,30.4,,47.1,56.9
2.34,2.87,0.9,22.16,4.96,61.49,4.88,0.14,1.1,,29.2,,46.6,56.9
2.1,2.88,0.82,22.13,3.81,61.43,4.8,0.14,1.19,,30.0,,47.5,59.5
1.91,2.94,0.86,22.49,4.98,61.86,4.86,0.11,1.1,17.1,31.3,36.1,48.4,60.5
2.15,2.91,0.94,21.66,4.96,61.94,4.9,0.11,1.14,,30.8,,45.5,58.8
2.05,2.87,0.79,22.2,3.69,61.57,4.89,0.15,1.09,,34.7,,52.7,62.9
1.91,2.86,0.76,22.22,3.69,61.18,4.99,0.14,1.0,,31.2,,48.9,60.3
1.8,2.88,0.77,22.0,3.7,61.76,4.86,0.15,1.02,,30.6,,47.4,59.6
1.99,2.82,0.72,20.62,3.75,63.89,4.26,0.13,0.8,,31.9,,47.8,61.4
1.92,2.88,0.76,22.04,3.65,61.39,4.98,0.14,1.02,,32.1,,47.9,62.0
2.4,2.91,0.8,20.01,3.8,61.61,4.98,0.14,1.07,19.6,31.6,35.7,48.1,59.5
1.8,2.64,0.75,21.33,3.75,62.47,4.67,0.13,0.97,,,,,
2.37,2.85,0.73,20.87,3.86,63.15,4.42,0.13,0.87,,33.0,,48.3,62.1
1.9,2.88,0.74,20.9,3.88,63.27,4.44,0.13,0.87,,32.6,,49.9,59.2
1.81,2.92,0.69,21.87,4.72,62.9,4.66,0.14,0.79,,32.4,,49.5,62.0
1.94,2.86,0.65,21.87,4.62,60.84,4.69,0.14,0.84,21.5,33.2,36.5,48.1,60.4
1.94,2.86,0.65,21.87,4.62,60.84,4.69,0.14,0.84,,33.7,,51.7,58.9
2.15,2.9,0.86,22.4,4.77,61.9,4.86,0.14,0.86,,31.5,,45.2,60.1
1.93,2.87,0.9,21.9,4.76,60.98,4.7,0.11,0.94,,31.9,,51.5,62.6
1.8,2.9,0.87,22.1,4.76,61.94,4.8,0.14,0.86,,31.9,,45.8,60.8
2.47,2.88,0.9,21.88,4.79,60.69,4.7,0.14,1.0,,33.7,,48.9,62.0
2.1,2.9,0.75,22.62,4.05,61.02,4.86,0.09,1.18,,31.4,,48.3,61.7
2.12,2.91,0.86,21.66,4.07,61.6,4.89,0.14,1.2,19.8,33.8,39.8,51.6,59.7
2.54,2.86,0.84,22.19,4.69,61.86,4.85,0.1,1.15,,31.5,,48.3,61.0
2.37,2.87,0.75,21.66,4.23,61.72,4.54,0.15,0.78,,31.6,,49.5,60.3
2.18,2.9,0.86,21.6,4.76,61.66,4.9,0.1,0.86,,31.7,,49.5,60.3
1.99,3.12,0.74,21.93,4.03,61.52,4.63,0.08,0.95,,32.7,,49.4,63.4
1.9,3.06,0.77,22.77,4.02,61.2,4.77,0.08,1.03,19.0,30.5,36.0,46.6,58.6
2.03,3.14,0.79,22.46,3.98,61.94,4.75,0.08,1.1,,31.3,,47.5,63.1
2.18,3.12,0.82,22.6,3.97,61.18,4.87,0.08,1.12,,31.3,,46.0,58.1
2.41,3.05,0.82,22.34,3.92,61.68,4.77,0.08,1.19,,30.8,,46.9,59.9
2.19,2.9,0.82,22.16,4.76,60.9,4.89,0.16,1.14,,30.9,,47.5,60.5
1.97,2.78,0.78,21.6,3.88,61.52,4.76,0.15,1.03,,32.0,,49.3,61.2
1.93,2.88,0.78,21.68,3.86,61.12,4.79,0.15,1.1,19.6,33.0,35.9,49.7,61.3
2.01,3.15,0.82,22.34,3.92,61.68,4.87,0.08,1.19,,29.4,,46.0,60.0
2.06,2.83,0.78,22.04,3.94,61.34,4.84,0.15,1.11,,32.5,,48.4,56.1
2.17,2.84,0.8,22.02,4.0,61.42,4.78,0.15,1.18,,32.5,,48.0,56.9
2.28,2.81,0.79,21.97,4.01,61.44,4.74,0.15,1.18,,31.6,,47.5,60.3
2.09,2.8,0.8,22.09,4.04,61.23,4.8,0.15,1.25,,31.0,,47.6,59.8
2.0,2.86,0.71,22.29,4.1,60.6,4.65,0.09,1.18,18.8,32.1,37.1,48.9,59.0
2.1,2.88,0.69,21.66,4.81,60.99,4.77,0.1,1.2,,31.3,,45.4,57.2
2.61,2.92,0.74,22.77,4.79,61.94,4.9,0.1,1.2,,30.6,,44.9,58.5
1.62,2.86,0.85,22.18,4.86,60.96,4.76,0.14,1.0,,31.6,,45.9,58.2
2.2,2.9,0.73,21.63,3.92,60.56,4.71,0.09,1.2,,30.9,,45.7,59.0
2.33,3.06,0.77,21.97,3.91,60.09,4.91,0.09,1.2,,26.2,,40.3,54.0
2.13,3.01,0.81,21.94,3.9,60.66,5.02,0.19,1.25,,30.3,,45.1,56.5
2.1,2.95,0.68,21.9,4.27,60.36,4.88,0.1,1.2,19.5,30.0,33.7,43.3,56.0
2.11,2.98,0.9,21.88,4.77,60.64,4.86,0.2,1.2,,30.7,,47.0,58.3
2.98,2.94,0.82,21.96,4.17,61.15,4.68,0.14,1.2,,32.5,,49.0,56.4
1.76,2.9,0.84,20.9,4.19,60.86,4.77,0.14,1.14,,31.2,,47.3,57.9
2.09,2.85,0.26,22.76,4.75,61.88,4.86,0.11,1.1,,32.9,,47.4,57.9
1.96,2.87,0.88,21.7,4.79,60.59,4.65,0.14,1.18,,32.2,,45.9,58.0
2.19,2.9,0.76,22.1,4.86,61.4,4.9,0.14,1.15,,32.5,,49.4,59.8
1.71,2.84,0.86,22.19,4.47,61.66,4.38,0.14,1.2,22.0,34.5,39.7,48.8,59.3
3.29,2.69,0.72,21.47,4.0,61.11,4.56,0.13,1.18,,32.1,,47.6,58.3
2.67,2.86,0.84,21.86,4.86,61.49,4.9,0.14,1.2,,29.3,,43.8,55.6
2.14,2.96,0.8,21.9,4.9,61.6,4.86,0.14,1.2,,30.9,,45.5,57.3
1.66,2.91,0.86,21.76,4.66,62.4,4.76,0.1,1.15,,33.9,,49.9,61.2
2.15,2.87,0.84,20.6,4.69,62.1,4.86,0.11,1.1,,32.8,,48.6,60.9
1.59,2.92,0.81,20.86,4.76,61.76,4.66,0.11,1.14,20.1,33.9,40.2,50.8,60.5
1.9,2.92,0.76,21.96,4.68,60.84,4.76,0.1,1.15,,32.2,,48.5,60.4
1.57,2.93,0.8,22.66,4.69,60.77,4.89,0.1,1.2,,31.8,,45.8,61.0
2.07,2.95,0.79,22.84,4.8,62.8,4.76,0.1,1.2,,34.7,,50.3,61.1
2.32,2.9,0.8,21.87,4.79,61.78,4.86,0.11,1.22,,29.7,,45.9,59.7
1.7,2.92,0.76,22.86,4.85,61.7,4.64,0.14,1.2,,28.5,,44.5,57.3
1.94,2.94,0.86,22.17,4.9,61.96,4.89,0.14,1.15,,31.5,,49.6,60.4
1.68,2.88,0.77,20.06,3.88,60.99,4.72,0.13,1.19,,31.0,,46.3,61.3
1.6,2.91,0.86,21.46,4.76,62.19,4.87,0.1,1.2,,30.4,,46.8,58.0
2.64,2.92,0.9,22.17,4.77,61.9,4.88,0.12,1.18,,29.6,,46.8,61.4
1.64,2.9,0.82,22.66,4.8,61.9,4.79,0.15,1.2,,28.8,,44.9,57.4
2.64,2.94,0.84,22.67,4.77,60.78,4.82,0.1,1.2,17.4,29.9,35.7,45.1,59.3
1.6,2.9,0.8,21.96,4.76,61.79,4.89,0.1,1.2,,29.7,,46.5,58.5
1.87,2.87,0.76,20.64,4.82,60.66,4.76,0.14,1.2,,28.4,,45.2,58.0
1.93,2.9,0.82,22.17,4.79,60.87,4.86,0.15,1.2,,28.5,,46.0,57.4
2.09,2.91,0.79,21.96,4.65,60.99,4.77,0.12,1.2,,28.2,,43.8,55.3
2.03,2.93,0.8,22.19,4.76,61.59,4.69,0.14,1.24,,32.2,,48.4,58.5
2.14,2.92,0.96,21.86,4.77,61.99,4.9,0.11,1.14,,31.4,,50.4,58.2
2.02,2.88,0.81,22.64,4.82,60.9,4.79,0.14,1.2,18.6,31.3,37.8,49.6,58.8
1.77,2.86,0.9,22.74,4.76,61.89,4.69,0.14,1.2,,31.1,,46.5,58.1
1.98,2.86,0.92,21.94,4.8,60.9,4.66,0.14,1.2,,34.3,,49.5,59.9
1.79,2.9,0.8,22.6,4.76,61.76,4.79,0.11,1.14,,32.4,,48.5,58.0
2.17,2.91,0.86,21.99,4.87,60.87,4.9,0.1,1.2,,33.6,,50.0,60.3
1.77,2.85,0.77,22.66,4.9,61.94,4.84,0.1,1.16,,34.7,,50.5,60.6
1.63,2.9,0.65,21.67,4.69,60.84,4.76,0.14,0.99,,33.2,,51.8,61.8
2.05,2.91,0.82,21.94,4.84,61.99,4.65,0.1,0.9,22.0,34.0,39.1,47.5,58.0
1.82,2.86,0.94,22.17,4.82,60.55,4.9,0.1,1.1,,28.9,,43.7,58.9
1.82,2.92,0.84,22.63,4.82,60.87,4.76,0.14,1.2,,31.6,,45.6,58.4
2.09,2.81,0.92,21.57,3.82,60.56,4.81,0.14,1.13,,31.0,,45.0,57.1
1.81,2.87,0.9,21.88,3.8,60.82,4.8,0.14,1.17,,28.1,,43.2,57.2
1.92,2.81,0.81,21.99,3.68,60.37,4.9,0.13,1.09,,29.6,,45.0,57.6
2.08,2.89,0.84,21.87,3.74,60.91,4.9,0.13,1.15,13.7,25.8,30.1,42.4,59.5
2.08,2.92,0.85,21.91,3.74,61.11,4.91,0.14,1.15,,29.8,,45.9,58.9
2.08,2.9,0.85,21.91,3.78,61.27,3.89,0.14,1.15,,26.2,,44.3,55.7
2.0,2.83,1.02,21.75,3.82,60.31,4.97,0.13,1.12,,32.4,,48.4,57.4
2.08,2.84,0.82,21.44,3.89,62.01,4.55,0.13,0.95,,28.7,,45.2,57.4
1.91,2.89,0.79,22.01,4.31,61.36,4.26,0.11,1.01,,30.9,,46.2,59.3
1.86,2.92,0.76,21.87,4.51,60.32,4.23,0.13,1.11,,31.2,,46.6,59.0
1.92,2.8,0.89,20.93,3.7,62.44,4.45,0.12,0.98,,31.7,,46.7,60.5
1.9,2.86,0.82,21.32,3.98,60.87,4.25,0.13,0.99,21.1,33.6,39.6,48.2,57.8
1.75,2.91,0.9,20.87,3.68,61.86,4.45,0.14,1.14,,29.7,,45.9,57.8
1.87,2.86,0.87,21.69,3.87,61.39,4.21,0.11,1.12,,33.1,,46.3,59.2
1.78,2.94,0.77,22.23,3.78,61.25,5.06,0.13,1.14,,31.4,,45.9,56.7
1.78,2.89,0.84,22.08,3.78,61.08,5.03,0.14,1.12,,31.4,,46.7,57.3
1.63,2.93,0.83,22.06,3.76,60.91,5.03,0.14,1.14,,31.3,,45.6,57.2
1.87,2.92,0.85,22.15,3.8,61.13,5.08,0.13,1.18,,32.4,,45.9,59.9
1.71,2.83,0.85,21.57,3.83,61.98,4.62,0.13,1.03,20.8,31.5,39.6,48.7,59.5
2.16,2.89,0.81,21.88,3.88,61.2,4.99,0.13,1.19,,31.2,,49.4,60.7
1.61,2.91,0.83,21.74,3.88,61.41,4.92,0.13,1.03,,32.4,,48.1,58.4
1.74,2.89,0.79,21.71,3.91,61.3,4.91,0.13,1.09,,33.8,,49.0,60.5
1.97,2.92,0.88,21.83,3.94,61.35,5.01,0.13,1.09,,31.7,,47.3,58.3
1.98,2.95,0.86,21.7,3.94,61.27,4.96,0.13,1.08,,32.3,,48.5,61.4
1.8,2.9,0.87,20.58,3.99,60.21,4.02,0.15,1.11,,31.2,,47.0,57.3
1.7,2.92,0.91,21.33,4.36,61.24,4.28,0.12,1.12,19.5,30.2,36.9,47.3,59.0
1.71,2.8,0.79,21.72,3.89,61.31,4.86,0.13,1.11,,32.1,,47.2,59.4
1.76,2.79,0.96,21.34,3.87,62.2,4.52,0.14,1.15,,28.2,,42.4,58.1
2.0,2.93,0.85,21.24,4.32,60.87,4.52,0.1,1.14,,28.6,,42.2,58.1
1.88,2.77,0.77,21.9,3.81,60.08,4.95,0.13,1.06,,34.1,,45.2,57.8
2.0,2.77,0.73,21.76,3.77,59.69,4.9,0.13,1.0,,33.3,,45.6,58.0
1.7,2.82,0.74,21.06,3.77,61.1,4.99,0.13,1.11,,33.1,,49.1,59.3
2.12,2.85,0.69,21.36,3.89,61.98,4.85,0.11,1.14,17.1,30.1,35.9,47.1,59.1
1.81,2.85,0.82,22.09,3.77,60.88,5.05,0.14,1.12,,29.3,,45.0,59.0
1.9,2.92,0.83,22.17,3.79,60.92,5.04,0.13,1.15,,29.6,,45.0,58.9
1.65,2.87,0.84,22.11,3.76,60.9,5.04,0.14,1.13,,29.0,,44.1,58.3
1.7,2.91,0.79,21.32,4.29,61.25,4.75,0.11,1.08,,29.1,,44.2,57.4
2.01,2.89,0.83,21.87,3.88,61.54,5.03,0.14,1.2,,30.4,,45.5,57.5
2.03,2.86,0.8,21.66,3.97,61.36,4.87,0.12,1.15,19.5,31.5,36.9,47.1,56.2
2.11,2.91,0.74,20.85,4.13,60.87,4.57,0.15,1.12,,30.5,,43.8,56.8
2.01,2.91,0.84,21.95,4.03,61.05,5.02,0.14,1.25,,31.2,,43.2,54.0
2.67,2.94,0.83,21.91,4.01,61.19,5.01,0.14,1.29,,30.6,,42.2,55.3
2.05,2.89,0.79,21.98,3.89,60.95,4.99,0.14,1.31,,30.0,,43.6,57.1
2.17,2.88,0.82,21.94,3.94,61.21,4.98,0.14,1.24,,31.1,,45.0,57.3
1.73,2.92,0.81,22.09,3.82,61.13,5.01,0.14,1.3,,32.7,,46.1,57.4
1.97,2.8,0.8,21.93,3.81,60.76,4.97,0.14,1.25,21.0,34.2,36.7,47.2,57.3
2.0,2.86,0.84,21.99,3.82,61.46,5.0,0.14,1.3,,32.0,,47.8,58.2
2.1,2.75,0.79,21.97,3.82,60.54,4.93,0.14,1.17,,30.8,,47.8,57.9
1.78,2.79,0.81,21.97,3.86,61.08,4.93,0.14,1.15,,32.2,,48.0,62.1
2.06,2.82,0.78,22.12,3.82,61.07,4.96,0.14,1.11,,32.7,,47.0,57.3
1.91,2.84,1.13,23.03,3.7,60.1,5.43,0.1,1.11,,32.1,,46.8,57.0
1.89,2.83,1.23,22.45,3.72,59.81,5.31,0.14,1.02,,30.2,,43.3,55.9
1.82,2.86,0.74,22.67,3.84,60.82,5.05,0.11,1.22,22.6,33.4,38.8,48.3,57.4
2.19,2.86,1.18,22.89,3.78,59.98,5.25,0.1,1.21,,30.7,,44.7,56.8
2.06,2.9,0.79,21.89,3.94,60.21,4.79,0.14,1.2,,32.9,,45.8,54.8
2.39,2.73,0.92,21.92,3.91,60.14,4.79,0.14,1.16,,32.1,,45.1,53.2
2.57,2.86,0.78,21.57,3.77,60.72,4.82,0.13,1.12,,32.3,,46.8,59.0
2.67,2.92,0.8,22.06,3.78,59.93,4.98,0.14,1.26,,31.9,,46.2,59.0
2.7,3.15,0.86,22.79,3.79,62.15,4.96,0.11,1.37,,29.2,,45.0,57.3
2.63,2.9,0.81,22.0,3.8,61.17,4.88,0.14,1.21,21.6,32.1,37.3,48.4,56.8
2.71,2.74,0.79,21.65,3.76,61.18,4.75,0.13,1.15,,29.9,,45.9,57.6
1.95,2.98,0.74,21.73,3.86,61.26,4.8,0.13,1.05,,34.7,,51.1,58.7
2.53,2.78,0.75,21.71,3.8,61.44,4.76,0.14,1.09,,31.7,,43.6,57.9
1.78,2.84,0.73,21.84,3.9,61.19,4.87,0.13,1.04,,31.7,,45.6,61.0
1.76,2.86,0.74,21.99,3.89,61.31,4.93,0.14,1.06,,33.4,,46.5,60.8
1.55,2.88,0.78,22.0,3.85,61.08,4.98,0.14,1.0,22.1,32.5,38.2,48.6,63.3
1.75,2.87,0.77,21.6,3.77,60.78,4.87,0.13,1.02,,32.3,,47.2,61.3
1.67,2.88,0.77,22.17,3.86,61.28,5.0,0.14,0.96,,33.7,,46.7,59.1
1.7,2.9,0.86,22.8,3.99,60.89,4.77,0.14,0.98,,33.1,,48.3,59.8
1.76,2.87,0.74,21.98,3.9,61.2,4.95,0.14,0.97,,33.5,,49.9,60.7
2.04,2.88,0.76,21.76,3.83,60.6,4.88,0.13,0.99,,32.9,,49.6,59.1
2.26,2.81,0.79,21.94,3.82,61.23,4.87,0.14,1.03,,31.9,,47.9,59.0
2.04,2.83,0.81,21.94,3.85,60.74,4.94,0.14,1.09,19.3,30.9,36.9,46.5,57.6
2.04,2.84,0.8,21.65,3.78,61.34,4.89,0.13,1.05,,33.0,,49.6,60.9
1.59,2.87,0.88,21.36,3.85,60.2,4.57,0.13,1.11,,30.4,,48.1,57.8
1.49,2.9,0.79,21.66,3.87,61.58,4.28,0.12,1.14,,31.9,,48.5,60.2
1.57,2.91,0.99,21.7,4.08,61.49,4.66,0.14,1.0,,32.0,,48.6,62.0
1.48,2.9,1.0,21.66,4.25,60.84,4.36,0.12,0.99,,31.6,,49.0,61.8
1.63,3.03,0.76,22.1,3.89,61.32,5.02,0.14,0.9,,32.0,,48.6,59.3
1.65,2.96,0.82,22.19,4.01,61.8,4.96,0.14,0.97,20.6,31.8,36.3,47.1,61.1
1.53,2.95,0.77,22.1,3.98,60.89,4.9,0.15,0.99,,32.1,,48.7,59.5
2.32,2.8,0.73,21.76,3.73,61.35,4.91,0.14,1.02,,31.8,,46.1,62.1
1.83,2.91,0.77,21.86,3.79,61.37,4.98,0.14,1.05,,30.5,,45.9,57.7
3.31,2.83,0.75,20.34,3.97,62.83,4.09,0.13,0.77,,31.9,,49.7,58.9
3.65,2.77,0.72,21.34,3.69,61.47,4.69,0.14,0.98,,30.2,,47.2,60.1
3.93,2.71,0.78,21.18,3.92,61.68,4.48,0.14,0.95,,29.9,,46.8,58.7
3.63,2.87,0.74,20.08,4.08,63.34,3.89,0.12,0.74,19.7,33.0,36.0,49.8,61.0
4.11,2.72,0.77,21.02,4.25,61.76,4.12,0.13,0.89,,30.8,,47.8,58.7
3.74,2.89,0.74,20.11,4.07,63.55,3.95,0.13,0.72,,34.1,,50.4,59.9
3.43,2.89,0.73,20.27,3.76,63.16,4.33,0.13,0.84,,35.1,,49.3,59.1
2.71,2.92,0.9,22.79,4.1,60.9,4.88,0.14,1.09,,33.4,,48.7,58.2
3.11,2.92,0.9,21.96,3.9,62.11,4.64,0.1,1.14,,32.8,,50.9,60.1
3.82,2.89,0.57,20.63,3.97,63.32,4.02,0.12,0.79,21.0,34.4,40.8,50.1,59.4
3.71,2.87,0.77,20.35,3.97,63.51,4.12,0.13,0.82,,30.4,,48.0,58.0
3.64,2.88,0.71,20.26,4.08,63.43,4.0,0.12,0.65,,31.3,,48.6,57.9
3.95,2.88,0.68,20.25,4.09,63.88,3.95,0.12,0.63,18.4,33.4,41.1,52.4,59.7
2.33,2.87,0.6,20.06,4.01,63.39,3.85,0.03,0.96,,33.5,,50.4,58.7
2.39,2.98,0.52,20.85,3.97,63.83,4.05,0.13,0.66,,30.7,,48.7,59.4
3.86,2.93,0.51,20.9,4.1,63.74,4.02,0.13,0.63,18.2,33.9,39.1,50.0,60.6
3.77,2.96,0.52,20.53,3.96,63.24,4.0,0.13,0.73,,31.2,,48.3,57.5
3.79,3.0,0.52,20.68,3.9,63.47,4.05,0.13,0.73,,30.2,,47.7,57.5
3.82,2.87,0.53,20.74,3.87,63.43,4.13,0.13,0.69,16.9,30.7,37.1,48.9,57.3
3.7,2.85,0.48,21.6,3.95,63.93,4.13,0.12,0.62,,31.7,,49.4,61.1
3.4,2.93,0.5,20.96,4.06,63.84,4.12,0.12,0.73,,32.8,,50.4,62.8
3.64,2.82,0.56,20.96,3.97,63.32,4.2,0.12,0.8,16.0,29.1,34.8,47.2,56.0
3.78,2.88,0.55,20.83,3.96,63.69,4.08,0.12,0.74,,29.1,,45.5,58.3
4.22,2.91,0.63,20.01,3.53,62.61,4.3,0.04,0.94,21.0,33.8,42.2,51.6,61.3
3.8,2.85,0.67,20.15,3.59,62.84,4.25,0.12,1.03,,33.1,,48.7,57.8
3.45,2.79,0.66,19.83,3.78,62.44,4.1,0.12,1.04,,29.4,,45.7,57.4
3.9,2.84,0.71,19.99,3.85,62.78,4.01,0.12,1.1,19.3,33.0,39.1,51.3,58.4
4.12,2.84,0.69,20.04,4.01,62.4,4.08,0.12,0.94,,31.0,,47.5,59.2
3.35,2.81,0.67,20.09,4.16,62.52,4.13,0.11,0.9,,30.8,,47.7,56.3
3.54,2.79,0.74,20.04,3.83,62.51,4.02,0.11,1.09,18.2,34.2,,50.0,58.4
3.67,2.93,0.69,19.9,3.79,62.15,4.15,0.11,0.99,,30.5,,45.4,57.8
4.49,2.76,0.71,19.82,3.81,62.37,3.98,0.1,0.99,18.2,32.5,38.2,49.7,57.5
3.74,2.89,0.74,20.19,4.09,62.81,4.15,0.11,1.07,,29.4,,47.2,55.2
3.76,2.93,0.75,20.1,4.13,62.68,4.25,0.11,1.14,,30.2,,49.1,57.9
3.97,2.89,0.71,19.98,4.13,62.81,4.26,0.03,1.04,18.3,32.1,38.8,48.8,58.0
3.78,2.83,0.81,19.81,4.33,62.82,3.71,0.11,0.96,,29.0,,44.6,53.3
3.92,2.91,0.74,19.88,4.17,62.71,3.94,0.04,1.0,,30.3,,46.3,56.7
3.78,2.83,0.81,19.81,4.33,62.82,3.71,0.11,0.96,18.6,31.5,48.4,48.4,59.7
3.37,2.86,0.92,20.2,4.26,62.6,3.78,0.11,1.04,,30.6,,48.7,58.6
3.32,2.85,0.9,20.0,4.49,62.55,3.6,0.11,0.92,19.1,34.7,40.9,50.4,60.1
3.49,2.94,0.9,20.37,4.3,62.9,3.62,0.12,0.88,,32.8,,50.1,60.4
3.78,2.91,0.9,20.41,4.23,62.76,3.68,0.12,0.96,,31.1,,49.5,58.5
3.39,2.79,0.92,20.89,3.87,62.15,3.95,0.12,1.02,16.4,28.0,35.0,45.5,56.4
3.44,2.86,0.9,20.61,4.13,62.28,3.77,0.11,0.89,,28.2,,45.8,58.4
3.48,2.84,0.88,20.97,4.44,62.23,3.56,0.08,0.68,15.3,27.3,33.1,44.7,55.2
3.53,2.88,0.79,20.51,4.54,62.37,3.41,0.09,0.61,,29.2,,47.0,53.8
3.36,2.95,0.84,20.84,4.39,63.4,3.63,0.04,0.91,17.6,31.1,37.4,46.9,57.4
3.3,2.89,0.78,20.38,4.64,62.67,3.39,0.09,0.57,,30.6,,47.1,59.0
3.2,2.82,0.83,20.32,4.14,62.24,3.64,0.1,0.91,,31.9,,47.6,58.2
3.38,2.81,0.88,21.66,4.12,60.91,4.01,0.1,0.96,19.1,31.1,37.4,47.9,59.0
3.58,2.87,0.82,21.75,4.06,66.14,4.07,0.1,1.29,,33.6,,49.1,59.9
3.57,2.93,0.86,20.69,4.09,62.54,3.72,0.1,0.92,,31.9,,48.7,57.0
3.41,2.95,0.86,20.73,4.17,62.61,3.72,0.09,0.94,17.5,32.1,38.2,49.3,57.7
3.27,2.94,0.88,20.73,4.24,62.27,3.73,0.1,0.93,,30.0,,47.2,58.5
2.69,2.73,0.88,21.3,4.5,62.02,3.82,0.1,1.06,,28.4,,46.2,57.0
2.46,2.76,0.88,21.41,4.61,61.76,3.76,0.1,0.99,17.3,32.8,38.9,50.9,59.4
2.5,2.89,0.84,21.33,4.51,61.86,3.82,0.1,1.09,,31.9,,49.2,58.4
2.42,2.9,0.83,21.29,4.61,61.9,3.81,0.1,1.02,,31.6,,48.8,59.7
2.49,2.88,0.82,21.28,4.56,61.8,3.83,0.1,1.07,,30.1,,46.3,60.0
2.42,2.73,0.82,21.21,4.58,62.0,3.75,0.1,1.02,,25.8,,44.8,58.4
2.5,2.85,0.84,21.28,4.57,61.78,3.79,0.1,1.03,15.8,29.2,35.9,47.2,60.2
2.4,2.77,0.85,21.32,4.62,61.65,3.79,0.1,1.01,,27.4,,43.2,56.2
2.71,2.98,0.88,21.25,4.56,61.69,3.81,0.1,1.05,,28.4,,45.6,54.7
2.72,2.9,0.9,21.32,4.66,61.7,3.82,0.11,1.03,,25.9,,43.0,57.0
2.69,2.88,0.86,21.23,4.65,61.41,3.79,0.1,1.07,,29.2,,44.2,54.5
2.75,2.91,0.87,21.33,4.67,61.63,3.86,0.11,1.11,,28.4,,43.8,55.8
2.79,2.86,0.86,21.19,4.64,61.67,3.81,0.1,1.06,,28.3,,45.2,56.2
2.77,2.86,0.86,21.16,4.6,61.9,3.82,0.1,1.1,16.0,28.3,32.9,44.9,57.0
2.66,2.87,0.87,21.07,4.52,61.79,3.8,0.1,1.07,,28.9,,43.0,54.8
2.35,2.83,0.84,21.28,4.54,61.47,3.87,0.11,1.14,,29.1,,45.7,57.1
3.2,2.88,0.84,21.24,4.83,61.68,3.87,0.1,1.12,,28.8,,44.8,56.4
3.07,2.9,0.79,21.67,4.88,61.18,3.9,0.11,1.14,,28.2,,44.9,57.4
2.58,2.88,0.86,21.5,4.99,61.39,3.94,0.11,1.17,,27.2,,42.6,54.8
3.15,2.9,0.87,21.72,4.27,61.27,4.0,0.11,1.21,,27.7,,41.7,55.9
2.95,2.87,0.86,21.66,4.49,60.86,4.02,0.1,1.11,19.1,30.7,39.6,47.3,56.2
2.84,2.9,0.61,21.87,4.76,61.37,4.1,0.11,1.2,,28.0,,43.5,56.3
2.5,2.9,0.87,21.72,4.57,61.27,4.0,0.11,1.21,,30.5,,46.4,56.5
2.49,2.89,0.93,21.8,4.44,61.29,4.17,0.11,1.29,,31.8,,45.6,55.6
2.53,3.04,0.89,22.06,4.43,60.98,4.31,0.11,1.3,,30.6,,46.9,56.1
2.13,2.85,0.89,21.8,4.44,61.08,4.13,0.11,1.25,,28.7,,43.8,53.6
2.38,2.88,0.93,22.1,4.49,61.19,4.18,0.1,1.33,,32.0,,46.1,57.7
2.15,2.92,0.9,21.96,4.39,61.22,4.11,0.11,1.26,19.7,30.9,38.0,46.2,58.4
2.02,2.88,0.93,22.1,4.49,61.19,4.18,0.1,1.33,,31.9,,48.1,54.3
1.88,2.81,0.92,21.86,4.4,60.69,4.16,0.1,1.29,,31.4,,48.4,57.4
1.94,2.86,0.9,22.12,4.36,61.32,4.29,0.11,1.21,,30.0,,44.3,55.4
1.8,2.86,0.95,22.23,4.7,61.25,4.2,0.1,1.18,,30.0,,47.8,57.9
1.7,2.88,0.9,22.03,4.44,61.49,4.26,0.11,1.12,,29.7,,44.0,56.4
1.75,2.91,0.89,21.77,4.61,61.21,4.03,0.1,1.07,,30.1,,46.9,57.6
2.11,2.82,0.96,22.3,4.67,61.0,4.23,0.1,1.17,17.3,30.6,37.7,47.2,58.0
2.32,2.82,0.9,21.96,4.58,61.63,4.0,0.1,1.13,,30.2,,45.0,55.1
1.8,2.82,0.91,22.0,4.64,61.17,4.1,0.1,1.15,,33.7,,50.9,58.5
2.12,2.85,0.92,22.1,4.57,61.05,4.18,0.1,1.2,,32.3,,48.2,57.6
2.27,2.85,0.93,21.92,4.68,61.12,4.08,0.1,1.1,,32.6,,48.6,60.1
1.9,2.72,0.91,21.77,4.75,61.71,3.9,0.09,0.92,,30.4,,46.0,56.2
2.14,2.86,0.94,21.82,4.77,61.23,3.96,0.1,0.94,,30.2,,46.0,57.5
1.88,2.89,0.94,21.88,4.74,61.09,3.99,0.1,0.94,18.4,30.6,36.6,46.6,56.9
2.05,2.84,0.95,21.73,4.57,61.25,4.06,0.1,1.13,,31.2,,46.7,57.2
1.97,2.94,0.91,21.77,4.5,61.9,4.03,0.09,1.11,,30.1,,46.4,56.7
2.46,2.91,0.91,21.75,4.5,61.26,4.04,0.09,1.16,,29.3,,44.6,55.4
2.02,2.91,0.93,22.12,4.57,61.54,4.13,0.1,1.15,,29.2,,45.2,56.8
2.19,2.87,0.94,22.18,4.56,61.17,4.16,0.09,1.12,,28.7,,45.2,56.8
1.99,2.85,0.92,22.0,4.64,61.46,4.06,0.1,1.16,,27.3,,42.5,55.6
1.9,2.89,0.93,22.02,4.69,61.15,4.08,0.1,1.15,18.0,30.7,36.7,46.1,54.0
2.19,2.87,0.86,21.96,4.77,61.8,4.09,0.1,1.14,,28.1,,42.8,53.3
1.93,2.87,0.94,22.03,4.64,61.36,4.06,0.1,1.1,,32.2,,49.6,59.9
1.99,2.79,0.92,21.86,4.64,61.07,4.03,0.1,1.11,,29.5,,46.5,56.4
1.94,2.9,0.95,22.09,4.64,61.18,4.08,0.1,1.16,,33.4,,48.8,58.3
2.04,2.88,0.92,21.86,4.62,61.0,4.05,0.1,1.16,,31.9,,46.8,56.3
1.97,2.87,0.91,21.96,4.7,61.28,4.1,0.1,1.18,,30.4,,46.2,56.4
2.11,2.82,0.91,22.03,4.7,61.42,4.05,0.1,1.15,19.9,32.0,,48.0,58.4
2.16,2.77,0.9,21.88,4.67,61.33,4.01,0.1,1.13,,31.7,,47.2,58.9
1.84,2.82,0.9,21.75,4.66,61.17,4.04,0.1,1.18,,34.9,,49.3,57.9
1.74,2.83,0.89,21.66,4.67,60.99,4.0,0.1,1.15,,35.7,,49.3,56.9
1.82,2.79,0.89,21.84,4.56,61.11,4.13,0.1,1.24,,35.9,,50.2,59.0
1.79,2.88,0.87,21.51,4.58,61.14,3.99,0.09,1.19,,34.7,,50.2,59.9
1.81,2.86,0.83,21.57,4.74,61.73,3.96,0.1,1.09,,34.9,,52.1,59.8
1.78,2.87,0.87,21.63,4.76,61.74,3.99,0.1,1.08,22.8,35.7,43.2,50.5,
1.75,2.88,0.84,21.48,4.75,61.5,3.95,0.09,1.06,,35.2,,50.5,59.3
1.93,2.84,0.87,21.72,4.67,61.46,3.99,0.1,1.11,,34.0,,48.5,56.4
1.89,2.77,0.84,21.41,4.69,61.0,3.93,0.1,1.05,,32.8,,46.7,58.1
1.74,2.89,0.87,21.72,4.61,61.23,4.0,0.1,1.11,,32.0,,47.2,57.8
1.88,2.93,0.88,21.76,4.7,61.54,4.02,0.09,1.12,,32.2,,47.9,58.7
1.71,2.89,0.88,21.75,4.72,61.84,4.0,0.1,1.11,,31.9,,47.9,59.8
2.03,2.83,0.83,21.41,4.62,61.85,3.85,0.09,1.02,20.2,33.0,41.3,50.5,59.6
1.9,2.92,0.89,22.0,4.72,61.31,4.05,0.1,1.07,,31.9,,47.4,59.6
1.8,2.8,0.0,21.77,4.61,60.89,4.06,0.0,0.98,,27.1,,42.0,54.5
1.65,2.81,0.0,21.64,4.71,60.61,3.97,0.0,0.96,,30.5,,47.2,60.6
1.56,2.85,0.0,21.98,4.66,60.98,4.08,0.0,1.06,,33.0,,47.9,58.9
1.62,2.85,0.0,21.8,4.71,60.82,4.06,0.0,1.05,,27.1,,40.8,54.2
1.63,2.83,0.0,21.91,4.69,60.79,4.08,0.0,1.05,18.9,34.2,39.4,48.1,57.2
1.69,2.95,0.8,21.81,4.81,60.71,4.06,0.1,1.04,,29.8,,45.3,55.1
1.96,2.88,0.88,22.73,4.72,61.2,4.09,0.11,1.01,,32.7,,47.7,58.7
1.67,2.9,0.66,21.79,4.89,60.82,4.0,0.04,1.04,,27.0,,42.9,53.8
1.81,2.76,0.87,22.69,4.75,61.19,4.14,0.11,1.02,,30.5,,44.2,54.5
1.95,2.74,0.87,22.45,4.77,61.31,4.01,0.1,0.99,,26.4,,42.7,54.8
2.1,2.88,0.66,21.89,4.74,60.77,4.03,0.04,0.93,,29.8,,42.3,55.2
1.77,2.83,0.0,21.96,4.53,60.49,4.15,0.04,1.13,18.4,30.9,36.5,43.5,56.7
1.83,2.77,0.87,22.38,4.43,61.12,4.23,0.11,1.07,,31.8,,47.7,57.4
2.2,2.77,0.89,22.57,4.62,61.08,4.15,0.11,1.0,,29.5,,45.7,56.4
2.04,2.76,0.87,22.4,4.26,61.27,4.33,0.11,1.09,,31.4,,46.9,57.2
2.4,2.67,0.87,22.29,4.43,61.4,4.23,0.1,1.04,,29.9,,45.6,56.3
2.26,2.68,0.85,21.98,4.18,61.48,4.56,0.1,1.08,,32.3,,47.2,59.2
2.11,2.66,0.85,21.85,4.15,61.31,4.5,0.1,1.09,19.8,32.9,39.4,47.1,60.0
2.39,2.69,0.85,21.77,4.19,61.44,4.49,0.11,1.1,,31.9,,47.2,59.4
2.05,2.72,0.88,21.91,4.58,61.21,4.5,0.1,1.09,,30.6,,46.2,57.1
2.12,2.78,0.89,22.12,4.54,61.32,4.45,0.1,1.09,,29.7,,46.2,57.0
2.25,2.79,0.9,21.95,4.58,61.03,4.45,0.1,1.11,,32.4,,48.3,56.3
2.12,2.71,0.89,21.9,4.61,61.09,4.38,0.1,1.09,,32.0,,46.2,57.1
1.87,2.82,0.84,22.0,4.73,61.4,4.25,0.1,0.97,,31.9,,48.6,60.2
1.94,2.86,0.87,21.95,4.65,61.27,4.35,0.1,1.02,21.6,33.7,40.1,47.8,59.8
1.89,2.74,0.86,21.96,4.59,61.53,4.2,0.1,0.98,,34.2,,46.8,58.5
1.68,2.79,0.89,21.95,4.86,61.28,4.16,0.1,0.97,,32.5,,47.6,59.5
1.79,2.73,0.93,21.78,5.21,61.34,4.03,0.1,0.94,,34.5,,49.6,59.2
1.83,2.81,0.91,21.84,4.98,61.42,4.08,0.1,0.96,,34.8,,49.0,59.6
2.1,2.77,0.89,21.76,4.56,61.84,3.92,0.1,0.9,,32.3,,46.6,59.1
2.14,2.69,0.88,21.81,4.42,61.93,3.89,0.09,0.93,,32.2,,47.2,59.0
1.91,2.84,0.9,22.12,4.48,61.74,3.95,0.1,0.94,22.0,34.9,40.3,50.6,60.0
1.95,2.58,0.89,22.24,4.64,62.07,3.88,0.1,0.92,,32.7,,47.6,56.0
1.95,2.84,0.89,22.39,4.62,61.38,3.95,0.1,0.92,,30.5,,45.3,55.7
2.14,2.87,0.9,22.53,4.71,61.13,4.08,0.1,0.96,,29.2,,47.4,56.4
2.09,2.95,0.9,21.96,4.78,61.07,4.15,0.1,0.97,,32.2,,48.8,60.0
2.03,2.77,0.89,22.07,4.81,61.38,4.1,0.1,0.96,,29.1,,46.5,56.0
1.93,2.67,0.92,22.11,4.73,61.06,4.12,0.09,1.01,,28.1,,44.8,54.8
2.09,2.94,0.97,22.12,4.61,60.87,4.32,0.09,1.06,15.8,33.8,38.3,45.6,59.1
1.97,2.87,0.94,22.09,4.52,61.14,4.15,0.09,1.04,,33.1,,42.3,57.8
1.88,2.96,0.96,22.28,5.0,60.98,4.1,0.1,0.95,13.7,31.4,34.1,46.3,57.7
2.4,2.8,0.92,21.62,4.57,61.68,3.92,0.07,0.99,,29.3,,47.6,58.3
1.64,2.8,0.94,21.89,4.57,61.59,4.06,0.08,1.01,,28.1,,42.6,54.4
1.74,2.89,0.98,22.32,5.21,61.09,4.06,0.09,0.93,15.9,26.5,31.9,45.6,57.1
1.81,2.77,1.03,22.2,5.26,61.07,4.02,0.09,0.86,,25.1,,41.8,52.2
1.74,2.89,1.0,22.02,5.29,61.11,3.98,0.09,0.88,12.1,24.7,,40.0,53.4
1.76,2.81,1.0,22.11,5.29,61.3,3.97,0.09,0.89,12.6,,,44.1,53.6
1.67,2.87,0.96,22.26,5.27,61.25,4.02,0.09,0.93,,23.9,,40.3,52.3
1.76,2.91,1.02,22.01,5.13,61.41,4.01,0.09,0.9,13.2,27.0,,45.9,57.1
1.74,2.85,0.96,22.17,5.28,61.32,3.98,0.09,0.94,13.4,26.1,31.8,44.8,56.9
1.66,2.84,0.95,22.09,5.23,61.21,3.95,0.09,0.93,,26.2,,41.0,55.8
1.79,2.9,0.93,22.1,5.15,61.49,3.97,0.08,0.93,,25.4,,42.6,54.2
1.54,2.9,0.9,21.86,4.98,61.89,3.9,0.07,0.91,15.3,,,45.7,56.6
1.48,2.85,0.89,21.78,5.03,61.9,3.87,0.07,0.91,,30.8,,46.8,57.8
1.63,2.9,0.86,21.49,4.84,62.08,3.88,0.06,0.92,,30.7,,48.1,59.5
1.48,2.91,0.86,21.64,4.81,62.21,3.88,0.06,0.91,13.7,28.4,34.1,43.2,55.1
1.65,2.89,0.9,21.83,4.8,61.78,3.98,0.08,0.96,,29.4,,45.6,57.0
1.67,2.78,0.89,21.87,4.75,61.88,3.96,0.07,0.93,,26.8,,44.2,58.4
1.55,2.82,0.92,22.01,4.79,61.91,3.94,0.07,0.99,13.2,,,43.1,56.0
1.51,2.89,0.9,22.04,4.66,61.61,4.11,0.08,0.98,,24.9,,41.3,55.6
1.59,2.83,1.03,22.86,4.53,60.87,4.51,0.09,0.86,19.7,30.4,,,55.1
1.54,2.94,0.87,22.31,4.66,61.37,4.3,0.09,0.99,18.2,25.8,30.9,43.4,55.1
1.49,3.03,0.82,22.44,4.62,61.37,4.3,0.09,0.98,,27.9,,44.6,56.6
1.74,3.27,0.92,22.31,4.42,60.4,4.52,0.1,1.03,15.0,,,,54.9
1.65,2.85,0.84,21.83,4.35,60.92,4.42,0.1,1.05,,30.4,,43.3,54.5
1.69,2.9,0.84,22.0,4.3,60.92,4.46,0.1,1.01,,29.4,,,54.4
1.66,3.07,0.89,22.2,4.08,60.33,4.68,0.1,1.09,,30.6,,46.1,55.2
1.65,3.2,0.93,22.64,3.99,60.42,4.81,0.1,1.17,16.8,30.0,,,56.8
1.49,2.86,0.87,22.41,4.12,61.22,4.5,0.1,1.09,21.2,32.3,43.3,50.0,58.6
1.79,2.85,0.84,21.79,4.06,60.04,4.53,0.1,1.05,18.1,30.1,,,55.3
1.53,2.8,0.85,22.36,4.09,60.92,4.52,0.1,1.08,,34.0,,50.6,59.3
1.81,2.95,0.84,21.72,4.09,59.69,4.5,0.1,1.13,18.0,29.6,,,55.2
1.43,2.83,0.86,22.48,4.11,60.96,4.53,0.1,1.09,,32.2,,47.7,59.4
1.81,2.92,0.91,22.33,4.09,61.2,4.53,0.09,1.06,19.2,29.0,,,57.3
1.76,2.81,0.85,22.36,4.16,60.91,4.54,0.1,1.09,19.0,,,47.3,57.0
1.84,2.86,0.88,21.34,4.26,61.36,4.56,0.08,1.04,20.3,,,,59.2
1.54,2.79,0.87,22.4,4.28,60.86,4.56,0.1,1.06,,31.6,,48.5,58.1
2.12,2.74,0.83,21.77,4.46,61.47,4.3,0.08,0.99,,33.4,,,57.5
1.87,2.85,0.81,21.85,4.69,61.09,4.27,0.09,1.02,,33.2,,50.2,59.7
1.75,2.88,0.83,21.92,4.55,61.2,4.33,0.09,1.02,20.2,32.3,,,60.3
1.9,2.79,0.81,22.05,4.63,61.46,4.35,0.09,1.02,20.4,34.5,44.2,51.0,59.5
1.7,2.81,0.84,21.43,4.57,61.22,4.19,0.1,1.0,20.7,32.1,,,58.4
1.84,2.94,0.84,20.92,4.72,61.09,4.16,0.09,0.96,,34.1,,53.2,59.6
1.77,2.87,0.82,21.88,4.62,61.14,4.3,0.09,1.02,20.9,32.1,,,58.4
1.79,2.79,0.79,22.23,4.7,61.39,4.3,0.09,1.03,,34.9,,50.4,60.4
1.73,2.91,0.82,22.36,4.62,61.51,4.38,0.09,1.04,20.9,34.9,,,58.9
1.73,2.89,0.84,21.46,4.74,61.4,4.21,0.1,1.08,20.6,,,49.6,57.6
1.96,2.92,0.84,21.45,4.65,61.47,4.24,0.1,1.1,19.0,,,,58.8
1.84,2.96,0.8,22.37,5.14,61.44,4.19,0.1,0.95,,32.1,,47.3,57.7
1.92,2.87,0.77,22.34,4.95,61.42,4.16,0.1,0.96,,31.8,,50.2,59.3
1.96,2.89,0.78,22.35,5.0,61.52,4.19,0.09,0.98,17.1,31.1,,,57.1
2.08,2.91,0.78,22.25,5.03,61.25,4.2,0.1,1.06,18.9,32.1,42.0,48.4,58.0
2.08,2.94,0.79,22.21,4.91,61.39,4.21,0.09,1.02,18.7,31.4,,,59.3
1.99,2.94,0.82,22.07,4.99,61.4,4.26,0.09,1.05,,30.6,,46.8,57.0
2.03,2.85,0.81,22.0,4.93,61.04,4.22,0.09,1.05,17.6,31.9,,,57.9
1.7,2.88,0.8,21.33,4.82,62.11,4.03,0.06,1.03,,30.9,,48.2,58.5
1.67,2.87,0.82,21.73,4.87,61.81,4.14,0.08,1.03,18.1,32.0,,,58.8
1.85,2.86,0.83,20.7,4.72,62.27,3.97,0.09,1.02,19.1,,,,60.0
1.69,2.85,0.8,21.41,4.79,62.56,4.01,0.06,1.0,,30.8,,42.9,58.1
1.71,2.84,0.79,20.76,4.67,62.84,3.85,0.04,0.98,,30.7,,48.2,60.2
1.77,2.87,0.79,21.05,4.76,62.36,3.97,0.05,0.99,,28.4,,47.1,60.4
2.04,2.92,0.79,20.84,4.71,62.45,3.94,0.04,0.97,17.2,32.1,,,60.0
1.84,2.94,0.79,20.99,4.72,62.32,4.01,0.05,0.99,16.4,29.5,37.6,43.7,55.5
1.62,2.92,0.78,20.98,4.71,62.48,3.95,0.05,1.0,16.9,29.7,,,57.4
1.75,2.8,0.78,21.15,4.76,62.37,4.02,0.05,0.98,,29.1,,43.7,55.1
1.84,2.92,0.78,20.6,4.68,62.61,3.83,0.04,0.97,19.6,31.2,,,57.6
1.91,2.87,0.79,20.84,4.56,62.88,3.88,0.04,0.94,18.7,,,46.6,58.9
1.74,2.92,0.79,21.26,4.72,62.09,4.06,0.06,0.97,19.8,,,,58.8
1.77,2.91,0.84,20.66,4.47,62.42,3.98,0.1,0.89,,33.5,,48.8,59.1
1.86,2.87,0.84,20.41,4.47,62.47,3.89,0.1,0.9,,33.0,,,61.7
2.09,2.95,0.79,20.67,4.08,63.05,3.89,0.04,0.96,,31.0,,48.8,62.8
1.94,2.89,0.8,20.49,4.17,63.0,3.85,0.04,0.96,20.4,32.4,,,57.9
2.01,2.78,0.79,20.72,3.89,63.06,3.98,0.04,1.0,20.1,,,,57.5
1.93,2.8,0.79,20.83,3.94,63.15,3.91,0.04,0.99,,34.3,,48.5,57.5
1.77,2.8,0.8,20.9,4.14,63.25,3.87,0.05,0.92,20.9,32.1,,,56.1
1.76,2.75,0.79,20.74,4.16,63.31,3.85,0.04,0.9,,31.4,,47.1,57.6
1.91,2.83,0.8,20.95,3.89,63.28,3.93,0.04,1.01,21.8,32.9,,,58.4
2.36,2.71,0.78,20.24,3.9,63.03,3.84,0.03,0.95,18.6,,,47.1,60.2
2.48,2.85,0.84,19.96,3.89,62.75,3.87,0.1,1.48,18.2,,,,59.4
2.26,2.94,0.79,20.58,3.82,63.35,3.94,0.04,0.99,,32.8,,46.2,60.2
1.9,2.86,0.8,20.83,3.96,63.42,3.93,0.04,0.96,,36.4,,,60.4
2.13,2.91,0.8,20.77,3.95,63.22,4.03,0.04,0.97,,32.2,,47.5,60.2
1.88,2.8,0.81,20.95,3.77,63.37,4.06,0.04,0.97,22.0,33.9,,,60.4
2.1,2.76,0.78,20.68,3.97,63.16,3.95,0.04,0.94,22.3,33.5,40.1,48.2,60.4
1.95,2.81,0.78,20.58,3.94,62.92,3.97,0.04,0.95,22.1,33.5,,,59.4
1.83,2.81,0.78,20.92,4.2,63.0,3.98,0.04,0.94,18.9,31.8,,,60.6
2.05,2.95,0.78,20.82,3.95,63.16,4.01,0.04,0.96,15.5,,,46.7,57.4
2.03,2.94,0.82,21.15,4.17,62.93,4.11,0.05,0.99,19.5,,,,57.4
2.35,2.87,0.7,20.45,5.0,63.17,3.56,0.04,0.86,18.0,,,48.7,62.1
3.7,2.88,0.66,19.89,4.61,63.06,3.44,0.03,0.79,21.3,,,,61.7
1.98,3.05,0.73,20.48,4.89,63.32,3.65,0.04,0.87,,31.2,,,59.5
2.69,2.94,0.68,20.58,4.8,63.36,3.5,0.03,0.75,,31.9,,,59.7
1.92,2.9,0.71,20.43,4.59,63.28,3.68,0.05,0.87,,32.3,,47.8,58.7
2.03,2.83,0.68,20.6,4.69,63.29,3.54,0.04,0.83,20.5,31.0,,,57.1
1.73,2.9,0.64,20.67,4.31,63.75,3.75,0.04,0.84,21.0,34.6,41.8,48.1,60.8
1.68,2.93,0.72,20.62,4.46,63.56,3.69,0.04,0.82,20.8,35.0,,,60.2
2.21,3.01,0.61,20.56,4.25,63.56,3.81,0.04,0.8,22.3,32.7,,,58.2
1.76,2.85,0.65,20.75,4.29,63.82,3.85,0.04,0.8,,33.8,,47.3,58.8
1.69,2.75,0.67,20.59,4.38,63.71,3.81,0.04,0.81,,34.5,,48.6,59.5
1.71,2.9,0.6,20.71,4.14,63.85,3.95,0.04,0.79,20.3,35.0,,,60.5
1.87,3.06,0.59,20.57,4.13,63.81,3.89,0.04,0.82,20.4,,,47.9,60.6
1.93,3.02,0.58,20.47,4.2,63.76,3.82,0.04,0.79,20.3,,,,58.8
1.69,2.94,0.61,20.64,4.18,63.74,3.87,0.04,0.8,,32.5,,48.4,59.6
1.88,3.03,0.59,20.64,4.21,63.69,3.9,0.04,0.8,,33.3,,,61.2
1.96,3.01,0.6,20.85,4.05,63.54,3.99,0.04,0.71,,32.7,,49.0,60.6
2.02,2.97,0.58,20.49,4.15,63.72,3.87,0.04,0.77,19.9,33.4,,,61.1
1.97,2.91,0.64,20.82,3.87,63.5,4.1,0.04,0.78,23.6,34.0,40.4,48.2,62.6
1.87,2.87,0.62,20.79,3.97,63.59,4.02,0.04,0.75,21.5,32.6,,,61.6
2.24,2.84,0.84,20.42,3.95,63.51,4.02,0.1,0.55,,30.9,,48.1,59.8
2.18,3.06,0.65,20.66,3.86,63.23,4.1,0.04,0.79,,32.8,,47.3,59.9
2.01,2.87,0.65,20.84,3.94,63.54,4.12,0.04,0.79,20.7,,,48.0,62.5
2.14,2.96,0.65,20.44,3.84,63.18,4.06,0.04,0.79,20.8,,,,59.7
2.3,2.75,0.64,20.39,4.02,63.29,4.09,0.04,0.8,,29.0,,46.6,58.8
2.07,2.83,0.62,20.55,4.13,63.54,4.03,0.04,0.78,,34.1,,,61.8
1.86,2.98,0.61,20.21,4.15,63.28,4.0,0.04,0.84,,34.1,,53.3,60.7
2.11,2.98,0.6,20.42,4.17,63.65,4.03,0.03,0.79,21.1,35.1,,,64.3
2.03,2.81,0.84,20.11,4.13,63.23,4.04,0.03,0.79,20.4,32.9,40.8,49.8,60.6
1.98,2.84,0.84,20.1,4.11,63.25,4.02,0.04,0.77,18.6,31.7,,,59.6
1.78,2.83,0.84,20.14,4.01,62.78,4.06,0.04,0.79,,33.1,,50.9,59.4
3.04,2.81,0.84,20.04,4.13,63.19,3.89,0.03,0.8,18.9,31.9,,,59.9
2.44,2.97,0.68,20.05,4.37,63.34,3.72,0.04,0.84,18.8,,,47.9,58.8
3.01,2.97,0.68,20.14,4.26,63.2,3.79,0.03,0.84,15.0,,,,54.9
2.94,2.94,0.84,19.88,4.37,62.82,3.79,0.1,0.84,,32.8,,46.9,57.7
3.7,2.89,0.84,19.84,4.37,62.73,3.75,0.1,0.84,,30.4,,,54.9
2.8,3.0,0.73,19.94,4.48,62.84,3.57,0.04,0.88,,33.8,,50.1,57.2
2.93,2.93,0.72,20.0,4.44,62.96,3.62,0.04,0.87,21.4,33.8,,,56.9
3.33,2.97,0.72,20.05,4.41,63.15,3.61,0.03,0.86,20.1,32.7,40.7,48.0,57.4
2.8,2.97,0.73,20.2,4.35,63.1,3.68,0.04,0.87,20.2,33.6,,,58.5
2.78,2.99,0.71,20.08,4.25,63.09,3.69,0.04,0.89,,32.9,,48.4,57.5
3.18,2.98,0.71,19.9,4.3,62.92,3.86,0.04,0.87,19.8,33.4,,,59.8
2.75,2.93,0.76,20.21,4.35,62.97,3.57,0.04,0.89,,32.2,,47.9,58.1
2.5,3.02,0.73,19.95,4.25,62.8,3.61,0.04,0.91,18.6,32.7,,,58.7
2.78,2.83,0.84,19.96,4.39,62.2,3.62,0.1,0.81,17.4,,,47.5,55.8
2.37,2.79,0.84,19.96,4.3,62.3,3.68,0.1,0.56,18.9,,,,60.4
2.66,3.09,0.77,19.96,4.58,61.88,3.32,0.04,0.85,,30.5,,48.5,59.3
2.25,3.05,0.84,19.97,4.39,62.87,3.69,0.1,0.83,,30.9,,,59.8
2.61,3.04,0.79,19.83,4.52,61.86,3.36,0.04,0.91,,29.0,,46.8,60.1
2.56,3.0,0.84,19.88,4.44,62.38,3.72,0.1,0.88,14.5,29.5,,,59.3
2.56,2.92,0.89,19.91,4.49,62.14,3.31,0.04,0.88,19.0,33.4,40.5,51.2,60.0
2.7,2.92,0.84,19.91,4.31,62.25,3.66,0.1,0.88,17.3,31.3,,,57.9
2.46,2.89,0.84,20.01,4.36,62.1,3.64,0.1,0.85,,31.0,,48.0,59.9
3.14,2.77,0.81,19.77,4.29,62.61,3.54,0.1,0.84,17.8,32.0,,,59.9
2.08,2.86,0.84,20.17,4.44,62.19,3.56,0.1,0.81,,31.1,,50.6,59.0
2.14,2.85,0.84,19.61,4.32,62.24,3.48,0.1,0.8,16.5,28.3,,,56.8
2.27,2.96,0.84,19.97,4.31,62.22,3.68,0.1,2.76,14.8,,,46.8,59.5
2.27,2.91,0.76,19.9,4.3,62.08,3.49,0.04,0.92,,28.7,,46.5,59.0
3.02,2.83,0.84,19.86,4.3,62.12,3.58,0.1,0.8,,30.8,,,59.4
2.91,3.27,0.76,19.56,4.15,61.17,3.66,0.05,0.73,,31.1,,49.4,61.5
3.67,3.21,0.78,20.44,4.27,62.87,3.69,0.05,0.68,20.2,32.3,,,58.5
3.03,2.93,0.84,19.3,4.21,62.38,3.72,0.1,1.02,20.0,33.0,39.0,48.1,58.8
3.1,2.97,0.84,19.75,4.35,63.08,3.63,0.1,0.91,17.7,31.4,,,57.6
3.47,2.73,0.84,19.15,4.14,62.24,3.72,0.1,1.07,18.0,31.0,,,59.4
3.48,2.9,0.67,20.58,4.08,64.71,3.76,0.1,0.72,19.2,33.3,,,59.3
3.65,2.97,0.84,19.28,4.1,62.31,3.72,0.1,1.07,18.4,,,48.7,57.4
3.6,3.05,0.84,19.19,4.04,62.21,3.83,0.1,1.21,20.9,,,,60.2
3.39,2.93,0.84,19.28,4.16,62.19,3.63,0.1,1.01,,29.7,,46.9,58.0
3.78,2.82,0.84,19.81,4.13,62.01,3.7,0.1,0.95,,29.1,,45.9,56.1
3.72,2.71,0.84,19.9,4.24,62.25,3.57,0.1,0.82,,,,,
3.64,2.87,0.84,19.89,4.33,63.14,3.64,0.1,0.95,18.7,31.6,37.5,48.7,57.8
3.36,2.87,0.84,19.86,4.26,63.22,3.71,0.1,0.91,19.3,31.5,,,59.0
3.61,2.95,0.84,19.77,4.29,62.73,3.61,0.1,0.93,,33.6,,49.7,58.7
3.57,2.88,0.84,19.69,4.21,62.8,3.62,0.1,0.92,22.2,34.4,,,59.9
3.51,2.95,0.72,18.38,4.15,61.35,3.52,0.05,0.74,,31.8,,50.4,60.6
3.57,2.89,0.74,19.27,4.2,62.38,3.63,0.05,0.72,17.9,32.3,,,58.4
3.7,3.01,0.77,19.94,4.15,62.7,3.72,0.05,0.75,18.3,32.1,38.7,52.2,61.3
3.69,2.89,0.76,19.75,4.14,63.24,3.63,0.03,0.92,,31.5,,52.5,60.6
3.51,2.9,0.75,19.74,4.15,63.27,3.62,0.03,0.9,15.0,30.8,,,59.5
3.51,2.91,0.76,19.78,4.04,63.34,3.66,0.03,0.91,,31.4,,50.6,60.8
3.3,2.95,0.75,19.65,4.13,63.29,3.63,0.03,0.89,18.4,32.3,,,59.9
4.05,2.85,0.84,19.55,3.95,62.83,3.79,0.1,0.7,14.6,,,50.8,58.8
3.78,2.8,0.84,19.54,4.06,62.97,3.8,0.1,0.71,18.4,,,,59.0
3.92,2.9,0.69,19.48,3.98,63.54,3.69,0.03,0.81,,31.6,,52.7,57.4
3.83,3.0,0.71,19.49,4.04,63.54,3.69,0.03,0.84,,33.0,,,60.0
3.88,2.94,0.7,19.53,3.99,63.58,3.78,0.03,0.8,,30.9,,50.1,61.1
4.63,2.82,0.69,19.34,3.98,63.55,3.71,0.03,0.81,16.5,30.1,,,59.3
3.71,2.86,0.64,19.42,4.0,63.77,3.73,0.03,0.76,18.2,30.6,37.2,50.3,61.5
3.89,2.86,0.64,19.42,4.0,63.77,3.73,0.03,0.76,15.7,29.1,,,56.5
3.59,2.96,0.63,19.45,4.09,63.63,3.81,0.03,0.78,,30.7,,51.4,60.5
3.73,2.97,0.64,19.51,4.06,63.7,3.8,0.03,0.78,13.9,28.7,,,57.9
3.77,2.9,0.63,19.39,4.1,63.68,3.76,0.03,0.77,,31.1,,50.5,60.9
3.66,2.84,0.84,19.48,4.1,62.74,3.83,0.1,0.92,16.6,32.0,,,60.0
3.53,2.95,0.64,19.52,4.14,63.81,3.79,0.03,0.78,14.5,,,,58.2
3.56,3.05,0.62,19.45,4.29,63.59,3.81,0.03,0.75,,28.3,,48.5,60.8
3.55,2.88,0.64,19.46,4.22,63.73,3.78,0.03,0.75,,28.7,,,57.4
3.37,3.12,0.67,19.4,4.27,62.5,3.82,0.05,0.51,,29.1,,47.9,60.3
3.55,3.11,0.67,19.14,4.19,62.32,3.74,0.05,0.54,16.0,31.1,,,59.9
3.65,3.05,0.67,19.25,4.18,62.37,3.73,0.05,0.54,,30.3,,48.9,56.0
3.9,3.06,0.67,19.32,4.18,62.52,3.75,0.05,0.58,15.0,30.0,,,59.4
3.55,2.99,0.61,19.55,4.14,63.72,3.71,0.03,0.78,16.6,30.4,37.8,52.7,60.4
3.58,3.07,0.62,19.53,4.15,63.65,3.76,0.03,0.79,16.5,32.1,,,59.6
3.31,2.95,0.61,19.68,4.05,63.76,3.75,0.03,0.82,,31.0,,51.2,59.1
3.48,2.94,0.61,19.5,4.13,63.73,3.78,0.03,0.79,15.5,30.7,,,58.3
3.81,2.93,0.62,19.7,4.07,63.64,3.89,0.03,0.83,,31.2,,,59.0
3.8,2.78,0.62,19.64,4.16,63.85,3.8,0.03,0.79,15.4,30.2,,,58.5
3.68,2.92,0.64,19.66,3.99,63.53,3.93,0.03,0.86,16.8,,,51.1,59.3
3.53,2.9,0.62,19.62,4.04,63.41,3.89,0.03,0.81,17.2,,,,60.6
2.42,3.12,0.69,19.5,4.0,65.51,3.96,0.05,0.74,,30.7,,50.1,59.4
3.31,3.15,0.69,19.73,4.02,62.6,3.94,0.05,0.73,,32.1,,,61.9
3.78,3.03,0.7,19.92,3.94,63.06,4.08,0.05,0.87,,30.5,,47.3,59.7
4.1,2.77,0.72,19.61,4.0,62.61,3.93,0.05,0.65,13.9,26.4,,,57.1
3.66,2.87,0.84,19.48,3.93,62.6,4.0,0.1,1.0,18.0,,,49.1,60.2
3.97,2.9,0.84,19.48,3.91,62.53,3.99,0.1,1.0,18.4,,,,59.6
3.57,2.87,0.84,19.5,3.95,62.37,4.01,0.1,0.48,,29.2,,49.4,57.6
3.76,2.81,0.84,19.46,3.99,62.59,3.95,0.1,0.73,,32.8,,,61.3
3.37,2.81,0.84,19.44,4.06,62.36,3.86,0.1,0.77,,30.5,,51.0,61.4
3.78,3.02,0.67,19.73,4.01,63.49,3.98,0.03,0.89,15.0,28.6,,,60.2
3.25,2.95,0.7,19.84,4.05,63.19,3.84,0.03,0.86,17.5,32.7,39.5,50.4,61.1
3.55,3.07,0.7,19.87,4.06,63.26,3.82,0.03,0.86,15.8,29.9,,,58.0
3.42,2.97,0.67,19.86,3.89,63.51,3.91,0.03,0.84,,30.0,,51.5,61.6
3.56,3.12,0.67,19.83,3.95,63.43,3.87,0.03,0.87,15.2,30.5,,,59.8
3.45,3.08,0.66,19.71,3.92,63.24,3.88,0.03,0.85,,32.4,,51.6,61.3
3.77,2.95,0.84,19.44,3.99,62.45,3.92,0.1,0.74,16.5,31.1,,,61.1
3.86,2.99,0.65,19.9,3.9,63.41,4.02,0.03,0.79,17.1,,,49.8,61.0
3.72,2.87,0.89,19.36,3.87,62.55,4.02,0.1,0.67,15.9,,,,59.6
3.6,2.91,0.84,19.52,4.0,62.77,3.92,0.1,0.77,,28.8,,,60.1
3.83,2.88,0.84,19.49,3.98,62.66,3.93,0.1,0.73,,30.6,,47.9,57.5
3.84,2.91,0.84,19.34,4.12,62.57,3.85,0.1,0.74,,31.0,,47.4,59.4
3.56,3.22,0.8,19.29,3.9,62.52,3.55,0.1,0.68,18.8,31.2,,,59.2
3.78,2.86,0.84,19.57,4.08,62.75,4.01,0.1,0.6,20.7,33.1,41.3,50.3,61.5
3.69,2.88,0.84,19.49,4.22,62.56,3.87,0.1,0.61,17.7,30.7,,,59.1
3.82,2.95,0.66,19.34,4.2,62.73,3.65,0.03,0.81,,33.3,,48.6,57.3
3.99,2.98,0.8,19.46,4.06,62.84,3.92,0.09,0.63,20.0,32.2,,,58.4
3.85,2.91,0.84,19.53,4.31,62.73,3.7,0.1,1.05,,32.6,,50.2,60.0
3.93,2.92,0.81,19.54,4.23,62.84,3.78,0.09,0.6,17.3,31.2,,,60.1
3.5,2.79,0.84,19.66,4.52,62.72,3.59,0.1,0.75,15.9,,,49.7,59.1
3.53,2.88,0.84,19.48,4.32,62.49,3.67,0.1,0.61,14.3,,,,54.3
3.45,2.89,0.75,19.95,4.45,63.36,3.55,0.03,0.8,,31.8,,48.9,59.5
3.79,3.0,0.71,19.66,4.37,63.28,3.57,0.03,0.82,,30.4,,,57.7
3.51,2.94,0.78,19.83,4.73,63.43,3.47,0.04,0.8,,31.7,,51.0,59.6
3.48,2.97,0.76,19.74,4.72,63.56,4.47,0.04,0.77,15.6,32.1,,,59.3
3.51,2.98,0.8,19.61,4.57,63.51,3.33,0.04,0.81,18.0,34.1,40.5,50.7,60.6
3.46,2.94,0.75,19.58,4.61,63.74,3.4,0.04,0.79,14.6,31.6,,,56.9
3.59,3.1,0.78,19.77,4.65,63.43,3.3,0.04,0.88,20.1,,,52.2,61.2
3.24,3.01,0.84,19.42,4.56,62.51,3.46,0.1,1.0,19.7,,,,60.1
3.44,2.99,0.84,19.4,4.71,62.81,3.45,0.1,0.91,,34.8,,51.4,59.0
3.1,3.06,0.84,19.2,4.72,62.52,3.41,0.1,0.92,,33.5,,,60.6
3.04,2.86,0.84,19.26,4.69,63.01,3.44,0.1,0.95,,34.3,,50.9,59.4
3.34,2.96,0.8,19.16,4.69,62.51,3.44,0.1,0.96,18.0,33.9,,,58.3
2.94,2.97,0.75,20.04,4.47,63.55,3.47,0.04,0.89,17.5,33.9,40.2,53.0,61.1
3.07,2.95,0.73,19.9,4.85,63.57,3.2,0.04,0.89,16.0,28.2,,,56.7
3.39,2.89,0.84,19.61,4.84,62.91,3.35,0.1,0.82,,34.3,,53.9,59.1
3.44,2.89,0.84,19.66,4.49,62.8,3.51,0.1,0.83,20.5,31.7,,,61.0
3.72,2.95,0.84,19.49,4.54,62.72,3.33,0.1,0.88,,34.1,,52.7,59.7
3.43,2.9,0.84,19.56,4.58,62.93,3.46,0.1,0.94,16.1,31.6,,,58.6
3.17,3.05,0.75,19.8,4.7,63.34,3.19,0.04,0.85,19.0,,,50.6,57.8
3.31,2.97,0.75,19.72,4.59,63.37,3.24,0.04,0.89,16.9,,,,58.2
3.4,2.84,0.84,19.52,4.69,62.0,3.4,0.1,0.87,,31.7,,50.9,57.6
3.41,2.82,0.84,19.55,4.61,62.3,3.44,0.1,0.87,,31.3,,,57.1
3.45,2.91,0.84,19.77,4.7,62.47,3.46,0.1,0.98,,32.3,,50.7,58.7
3.53,2.85,0.84,19.8,4.65,62.44,3.47,0.1,1.0,14.9,27.9,,,56.0
3.54,2.94,0.8,19.92,4.67,62.95,3.25,0.04,0.89,18.7,32.9,39.8,50.0,57.8
3.9,2.92,0.79,19.88,4.58,63.16,3.22,0.04,0.88,16.1,30.9,,,57.4
3.29,2.82,0.8,20.08,4.67,63.3,3.26,0.04,0.9,,31.2,,47.8,57.0
3.69,3.02,0.8,19.93,4.62,63.15,3.27,0.04,1.91,17.3,31.8,,,56.6
3.29,2.87,0.83,19.63,4.64,62.61,3.42,0.09,1.11,,33.9,,50.8,58.6
3.67,2.89,0.84,19.59,4.62,62.54,3.48,0.1,1.13,20.1,33.3,,,57.7
3.28,2.87,0.8,19.76,4.82,62.98,3.12,0.04,0.84,17.6,,,51.7,60.0
3.76,2.87,0.8,19.69,4.84,63.04,3.09,0.04,0.83,17.4,,,,57.9
3.53,2.84,0.84,19.52,4.69,62.0,3.4,0.1,0.87,,31.9,,48.7,59.3
3.52,2.82,0.84,19.55,4.61,62.3,3.44,0.1,0.87,,30.8,,,57.6
3.55,3.06,0.81,19.73,4.84,62.98,3.09,0.04,0.8,,32.4,,49.7,57.5
3.51,3.12,0.8,20.0,4.83,62.63,3.13,0.06,0.83,16.4,31.2,,,58.3
3.67,3.02,0.8,19.34,4.89,62.77,2.93,0.03,0.76,20.3,34.4,41.6,49.8,59.6
3.4,3.04,0.8,19.52,4.81,63.12,2.99,0.04,0.77,15.4,30.8,,,56.8
3.28,2.85,0.82,19.91,5.12,63.23,2.92,0.04,0.8,,32.4,,50.8,57.1
3.7,2.84,0.82,19.87,5.14,63.24,2.91,0.03,0.79,19.4,28.4,,,55.4
3.56,3.1,0.82,19.53,5.2,62.65,2.84,0.04,0.83,,32.4,,48.6,56.9
3.86,2.96,0.81,19.89,4.92,63.16,3.07,0.04,0.82,14.6,29.1,,,56.2
3.16,3.06,0.84,19.76,5.15,62.98,2.95,0.03,0.85,14.7,,,48.4,56.6
3.63,2.96,0.83,20.06,4.98,63.21,3.06,0.04,0.85,14.1,,,,56.2
3.48,2.81,0.84,19.96,4.96,62.96,3.08,0.03,0.89,,26.5,,46.1,56.7
3.52,2.78,0.83,19.93,4.83,62.89,3.15,0.04,0.93,,26.4,,,56.4
3.46,3.14,0.84,19.58,4.91,62.66,3.14,0.03,0.95,,30.8,,47.5,57.1
3.51,3.05,0.82,19.24,4.65,62.22,3.17,0.03,0.96,14.6,28.5,,,57.0
3.57,2.97,0.84,19.6,4.76,62.9,3.17,0.03,0.97,17.7,31.6,40.0,49.5,57.2
3.74,2.83,0.83,19.67,4.73,62.97,3.17,0.03,0.94,16.2,30.2,,,57.3
3.51,2.9,0.85,19.73,4.79,63.02,3.23,0.03,0.96,,30.5,,48.1,57.3
3.77,2.86,0.84,19.72,4.75,63.01,3.26,0.03,0.97,14.3,28.5,,,57.2
3.66,2.89,0.83,19.79,4.71,63.11,3.32,0.03,0.99,,31.8,,48.3,56.3
3.8,2.83,0.81,19.64,4.67,62.96,3.33,0.03,0.98,15.3,30.9,,,57.2
3.48,2.84,0.77,19.69,4.25,63.02,3.59,0.03,0.99,19.5,,,51.4,58.4
3.72,2.99,0.8,19.64,4.53,62.93,3.37,0.03,0.99,14.5,30.4,,,56.7
3.49,2.98,0.72,19.84,4.05,62.93,3.84,0.03,1.02,,32.8,,49.9,57.1
3.77,2.88,0.82,19.84,4.61,63.05,3.33,0.03,0.97,,30.4,,,56.6
3.67,2.86,0.69,19.74,3.89,63.07,4.01,0.03,1.0,,31.1,,47.1,56.2
3.83,2.94,0.72,19.68,4.09,62.91,3.77,0.03,0.99,15.7,29.7,,,55.3
3.83,2.93,0.67,19.7,3.76,62.84,4.09,0.03,1.01,20.3,33.3,39.8,50.2,59.3
3.74,2.76,0.67,19.62,3.88,63.09,3.96,0.03,0.99,16.9,30.6,,,56.2
3.44,2.88,0.64,19.77,3.75,63.18,4.1,0.03,0.98,,32.9,,51.4,58.7
3.9,2.9,0.64,19.69,3.83,63.23,3.92,0.03,0.97,18.9,32.9,,,57.7
3.3,2.91,0.62,19.55,3.74,63.07,4.03,0.03,0.97,,34.3,,51.1,57.9
3.69,2.87,0.6,19.26,3.72,62.94,3.94,0.03,0.94,19.9,34.6,,,61.5
3.59,2.83,0.6,19.49,3.86,63.44,3.99,0.04,0.99,20.4,,,51.5,60.1
3.88,2.86,0.6,19.31,3.9,63.14,3.9,0.04,0.98,18.4,,,,57.4
3.6,2.91,0.57,19.31,3.91,63.4,4.01,0.04,0.75,,34.5,,51.6,60.2
3.66,2.7,0.61,19.61,3.92,63.28,3.98,0.03,0.88,,31.5,,,57.5
3.6,2.86,0.56,19.43,3.95,63.41,3.97,0.04,0.82,,33.4,,51.5,60.4
3.88,2.78,0.56,19.2,3.94,62.97,3.88,0.04,0.82,18.5,31.7,,,57.3
3.3,2.81,0.56,19.61,4.15,63.37,4.05,0.05,0.75,17.8,32.0,38.4,52.5,60.4
3.89,2.78,0.56,19.74,4.07,63.55,3.99,0.04,0.81,17.4,30.1,,,60.2
3.39,2.85,0.56,19.76,4.11,62.95,4.03,0.02,0.82,,31.3,,49.9,60.8
3.94,2.9,0.57,19.7,4.12,62.82,3.94,0.03,0.84,16.1,27.9,,,58.2
3.42,2.87,0.59,19.84,4.09,63.14,3.99,0.03,0.81,,32.0,,50.1,61.1
3.83,2.96,0.57,19.78,4.11,62.93,3.95,0.03,0.84,17.5,28.4,,,60.6
3.36,2.84,0.56,20.04,4.08,63.47,4.05,0.02,0.82,20.6,,,51.3,60.4
3.67,2.9,0.55,19.86,4.05,63.23,3.99,0.02,0.83,17.6,,,,61.0
3.89,2.84,0.56,19.92,4.07,63.27,3.99,0.03,0.84,,32.3,,49.9,61.2
4.26,2.85,0.56,19.8,4.04,63.25,3.97,0.02,0.83,,28.5,,,60.9
3.59,2.92,0.54,20.13,3.99,63.88,4.17,0.04,0.88,,32.9,,48.6,59.3
3.96,2.83,0.55,19.87,3.94,63.91,4.09,0.05,0.87,19.6,32.3,,,61.3
3.44,2.87,0.53,19.8,3.94,63.18,4.04,0.02,0.91,20.2,33.7,38.4,50.0,59.0
3.79,2.93,0.53,19.67,3.91,63.14,3.99,0.02,9.1,19.8,32.8,,,59.4
3.61,2.89,0.54,19.53,3.94,63.33,4.08,0.05,0.97,,34.5,,50.3,60.1
3.79,2.78,0.53,19.19,3.9,63.04,4.0,0.05,0.95,20.4,34.0,,,59.0
3.55,2.87,0.52,19.68,3.91,63.07,4.13,0.02,0.91,,32.9,,49.6,58.8
3.76,2.95,0.53,19.7,3.87,63.14,4.1,0.02,0.93,19.5,30.9,,,58.3
3.45,2.9,0.52,19.69,4.16,63.13,4.08,0.03,0.91,18.1,,,47.4,56.4
3.74,2.84,0.53,18.78,4.2,62.83,3.87,0.02,0.92,17.4,,,,57.7
3.52,2.76,0.54,19.95,4.23,63.87,4.04,0.04,0.92,,32.8,,48.8,54.7
3.6,2.79,0.55,19.68,4.12,63.2,4.03,0.05,0.98,,32.3,,,58.4
3.72,2.9,0.65,19.83,4.09,63.27,3.9,0.04,0.84,,31.7,,47.2,56.7
3.86,2.84,0.55,19.44,4.07,63.54,3.91,0.04,0.99,20.5,32.7,,,57.9
3.52,2.94,0.54,19.66,4.09,63.35,4.01,0.03,0.96,19.7,32.7,38.0,47.9,
3.84,2.92,0.54,19.67,4.04,63.36,4.0,0.03,0.94,19.0,30.1,,,
3.5,2.81,0.53,19.51,4.05,63.19,4.03,0.03,0.92,,31.1,,47.8,60.1
3.8,2.83,0.53,19.25,4.03,62.68,3.95,0.03,0.9,17.8,31.3,,,58.0
3.76,2.81,0.54,19.41,3.99,62.78,4.05,0.03,0.93,18.2,31.3,,,57.1
3.82,2.84,0.53,19.44,4.02,62.74,4.05,0.03,0.91,,31.6,,47.5,59.9
3.89,2.79,0.53,19.43,3.97,62.96,4.03,0.03,9.1,17.9,,,,58.1
3.92,2.83,0.53,19.45,3.98,62.98,4.05,0.03,0.9,18.1,,,50.4,60.3
3.68,2.84,0.54,19.79,4.0,63.17,4.1,0.03,0.92,,29.9,,,56.0
4.09,2.82,0.53,19.63,4.01,63.09,4.09,0.03,0.91,,29.1,,48.9,58.2
3.89,2.99,0.54,19.82,3.97,63.08,4.2,0.03,0.93,,32.7,,50.3,59.1
3.92,2.74,0.54,19.45,3.97,62.96,4.09,0.02,0.92,17.7,29.6,,,57.8
3.82,2.82,0.54,19.75,3.98,63.0,4.16,0.03,0.91,19.3,32.3,38.6,50.6,60.6
3.75,2.86,0.54,19.83,3.97,63.06,4.15,0.03,0.92,18.1,32.8,,,58.7
3.95,2.91,0.55,19.82,3.97,63.04,4.18,0.03,0.91,,31.9,,48.2,57.2
3.78,2.91,0.54,19.83,4.02,63.06,4.15,0.02,0.9,17.9,28.5,,,58.4
3.88,2.91,0.54,20.0,4.21,63.37,4.14,0.03,0.89,,30.5,,47.6,57.3
3.82,2.94,0.55,19.68,4.25,62.94,4.04,0.03,0.91,16.8,29.6,,,56.2
4.04,2.86,0.54,19.52,4.28,62.83,3.97,0.03,0.9,16.8,,,47.2,58.7
3.81,2.84,0.54,19.58,4.24,62.91,4.04,0.03,0.89,16.4,,,,60.2
3.98,2.88,0.54,19.69,4.44,63.05,3.89,0.03,0.9,,28.2,,45.5,56.2
3.38,2.89,0.54,19.64,4.39,63.12,3.89,0.03,0.89,,29.2,,,57.0
4.06,2.97,0.55,19.69,4.5,63.14,3.92,0.03,0.85,,28.4,,45.9,56.9
3.77,2.97,0.55,19.69,4.5,63.14,3.92,0.03,0.85,17.9,32.0,,,58.0
3.8,2.9,0.54,19.64,4.55,62.98,3.89,0.03,0.84,18.8,30.4,38.7,49.3,61.0
3.82,2.9,0.53,19.59,4.42,63.07,3.89,0.03,0.87,18.6,31.7,,,61.4
3.84,3.01,0.54,19.45,4.39,62.83,3.86,0.03,0.86,,29.8,,48.0,59.2
3.95,2.9,0.55,19.7,4.31,63.16,3.91,0.03,0.87,17.4,30.5,,,59.8
3.72,2.82,0.55,19.79,4.36,63.04,3.92,0.03,0.85,,28.8,,47.8,57.9
3.95,2.78,0.55,19.8,4.28,63.0,3.96,0.03,0.89,16.4,29.1,,,59.6
3.92,2.9,0.56,19.63,4.3,62.9,3.79,0.03,0.93,17.5,,,49.1,59.9
3.86,3.01,0.56,19.39,4.29,62.6,3.85,0.03,0.89,18.1,,,,60.6
3.92,2.82,0.56,19.59,4.25,63.09,3.89,0.03,0.91,,28.6,,43.7,55.1
3.95,2.84,0.55,19.58,4.35,63.03,3.84,0.03,0.91,,29.6,,,55.8
3.48,2.93,0.61,19.82,4.29,63.0,3.8,0.03,0.94,,31.1,,46.0,56.4
3.87,2.84,0.59,19.89,4.25,63.09,3.84,0.03,0.95,20.0,31.8,,,55.3
3.84,2.83,0.63,19.84,4.15,62.91,3.86,0.03,0.95,18.3,31.2,37.8,47.9,57.9
3.67,2.75,0.64,19.82,4.14,62.84,3.88,0.03,0.92,18.1,31.9,,,59.3
3.89,2.75,0.67,20.03,4.17,62.64,3.93,0.03,0.89,,28.3,,43.8,57.9
3.55,2.65,0.67,20.07,4.18,62.7,3.95,0.03,0.88,16.9,28.0,,,57.4
3.81,2.92,0.67,19.99,4.19,62.61,3.92,0.03,0.9,,29.3,,44.6,56.9
3.6,2.92,0.67,20.0,4.31,62.6,3.9,0.03,0.82,16.0,28.0,,,57.1
3.72,2.75,0.67,19.89,4.24,62.77,3.92,0.03,0.86,17.0,,,44.5,56.6
3.78,2.93,0.65,19.41,4.24,62.23,3.9,0.03,0.86,16.2,,,,57.9
3.6,2.92,0.66,19.83,4.15,62.57,3.92,0.03,0.92,,,,,
3.59,2.81,0.67,19.72,4.22,62.45,3.98,0.03,0.85,,28.4,,,60.7
3.67,2.89,0.64,19.51,4.14,62.45,3.9,0.03,0.99,,29.1,,45.3,56.4
3.56,2.86,0.66,19.66,4.13,62.29,4.01,0.03,0.99,,29.2,,,56.9
3.69,2.85,0.6,19.71,4.09,62.4,4.01,0.03,0.98,17.4,29.2,35.7,45.4,56.7
3.58,2.86,0.66,19.68,4.12,62.29,4.01,0.03,0.99,16.9,29.2,,,56.8
3.61,2.94,0.71,19.76,4.2,62.69,3.44,0.03,0.9,21.0,32.1,,,56.2
2.52,2.98,0.75,20.1,4.36,62.78,3.41,0.04,0.93,19.8,32.5,,,55.8
3.01,2.78,0.76,19.99,4.23,62.87,3.49,0.04,0.96,19.3,31.5,,,54.1
4.39,2.78,0.68,19.5,4.09,62.97,3.43,0.03,0.89,,31.4,,48.5,56.0
3.46,2.77,0.76,20.02,4.23,62.91,3.47,0.04,0.91,20.8,32.6,,,57.0
4.24,2.91,0.67,19.7,4.01,63.12,3.49,0.03,0.85,20.0,34.2,38.5,52.6,59.8
3.44,3.06,0.77,20.21,4.42,63.76,3.82,0.03,1.03,18.5,31.0,,,53.7
3.85,3.1,0.64,19.88,3.95,64.48,3.7,0.03,0.96,32.5,,,52.5,59.2
3.04,2.97,0.78,20.24,4.51,63.79,3.87,0.03,1.04,20.0,31.4,,,54.1
3.93,2.89,0.67,19.85,4.05,64.3,3.71,0.03,0.96,,32.8,,50.4,58.7
4.8,2.87,0.75,19.73,4.08,62.6,3.66,0.03,0.94,19.4,,,47.3,54.3
3.37,2.95,0.77,20.11,4.57,62.23,3.77,0.03,0.97,19.0,,,,54.3
4.4,2.86,0.67,19.54,4.13,62.34,3.63,0.03,0.95,,29.1,,42.8,53.1
4.4,2.74,0.74,20.25,4.49,62.33,3.78,0.03,0.95,,31.6,,,54.2
3.92,2.91,0.66,19.68,4.36,62.61,3.75,0.03,0.89,,30.0,,45.4,57.2
3.63,2.77,0.69,19.92,4.55,62.54,3.74,0.03,0.88,18.4,29.8,,,53.4
3.86,2.86,0.63,19.74,4.58,62.67,3.66,0.03,0.81,19.4,32.3,38.0,49.1,58.7
3.71,2.82,0.61,19.8,4.7,62.79,3.58,0.03,0.78,19.0,31.6,,,58.2
3.8,2.94,0.61,19.66,4.58,62.76,3.66,0.03,0.81,,34.4,,49.6,59.7
3.67,2.89,0.62,19.68,4.53,62.87,3.68,0.03,0.82,19.2,32.8,,,57.5
3.54,2.99,0.61,19.43,4.41,62.94,3.69,0.03,0.61,,34.3,,48.0,59.5
3.75,2.89,0.62,19.66,4.44,62.9,3.68,0.03,0.85,21.7,34.5,,,59.6
3.46,2.94,0.61,19.48,4.45,62.88,3.68,0.03,0.84,21.1,,,50.8,58.9
3.58,2.88,0.59,19.03,4.26,62.53,3.66,0.03,0.84,19.8,,,,57.8
3.62,2.82,0.6,19.71,4.27,62.9,3.7,0.03,0.81,,33.7,,,56.8
3.88,2.87,0.59,19.58,4.41,62.81,3.68,0.03,0.82,,31.3,,47.5,56.1
3.67,2.91,0.59,19.64,4.38,62.68,3.73,0.03,0.82,18.5,31.8,,,
3.98,2.87,0.59,19.15,4.38,62.52,3.63,0.03,0.82,18.1,30.5,35.1,45.9,56.7
3.73,2.86,0.59,19.59,4.44,62.75,3.68,0.03,0.8,16.9,29.3,,,
4.04,3.01,0.59,19.61,4.38,62.68,3.69,0.03,0.82,,30.7,,45.0,56.6
3.71,2.93,0.63,19.69,4.44,62.8,3.65,0.03,0.83,17.0,29.3,,,
4.12,2.83,0.58,19.4,4.36,62.65,3.66,0.03,0.79,,29.4,,46.0,55.9
4.12,2.89,0.58,19.44,4.4,62.64,3.68,0.03,0.81,17.8,29.3,,,
4.05,2.87,0.59,19.51,4.33,62.7,3.7,0.03,0.83,18.9,,,46.6,59.1
4.13,2.75,0.58,19.63,4.44,62.72,3.63,0.03,0.78,17.2,,,,56.4
4.15,2.82,0.57,19.44,4.37,62.83,3.63,0.03,0.79,,33.0,,48.8,57.9
4.1,2.9,0.57,19.44,4.44,62.71,3.65,0.03,0.81,,28.6,,,55.9
3.99,2.86,0.57,19.51,4.32,63.05,3.62,0.03,0.81,,30.8,,47.9,57.4
3.96,2.98,0.57,19.53,4.41,62.91,3.68,0.03,0.82,21.0,32.8,,,56.3
3.94,2.95,0.58,19.37,4.26,62.94,3.69,0.04,0.87,20.6,35.0,39.4,47.1,57.0
3.85,2.87,0.57,19.37,4.17,63.07,3.69,0.03,0.88,21.9,32.8,,,60.0
3.82,2.86,0.57,19.23,4.29,63.05,3.7,0.03,0.87,,32.3,,49.3,57.9
3.99,2.79,0.57,19.25,4.29,63.05,3.67,0.03,0.88,20.9,31.3,,,59.1
3.99,2.88,0.56,19.05,4.33,62.63,3.66,0.03,0.86,,32.7,,48.6,56.6
3.58,2.85,0.57,19.31,4.29,62.9,3.66,0.03,0.9,20.4,33.2,,,57.2
3.86,2.96,0.58,19.17,4.23,62.61,3.71,0.03,0.91,18.3,,,,57.8
3.74,2.93,0.58,19.31,4.23,62.6,3.76,0.03,0.92,18.9,,,47.9,56.6
3.65,2.93,0.59,19.54,4.29,62.59,3.78,0.03,0.9,,30.7,,49.3,56.0
3.9,2.86,0.59,19.45,4.32,62.84,3.65,0.03,0.88,,31.6,,,57.3
3.73,2.79,0.59,19.72,4.34,62.8,3.78,0.03,0.86,,30.4,,42.1,55.2
3.81,2.87,0.61,19.69,4.34,62.63,3.73,0.03,0.88,17.1,30.0,,,54.9
3.85,3.0,0.6,19.72,4.14,62.31,3.91,0.03,0.92,18.9,30.3,36.2,44.8,56.0
3.59,2.79,0.59,19.64,4.22,62.53,3.84,0.03,0.89,16.0,27.8,,,54.3
3.83,2.89,0.61,19.86,4.11,63.59,4.01,0.03,0.95,,30.9,,48.0,54.8
3.95,2.82,0.59,19.52,4.3,62.68,3.8,0.03,0.9,16.9,29.8,,,54.2
3.81,2.6,0.61,19.83,4.22,62.85,3.86,0.03,0.89,,31.9,,45.9,56.4
3.9,2.84,0.58,19.56,4.26,62.58,3.75,0.03,0.89,17.4,29.1,,,54.5
3.82,2.71,0.6,19.86,4.22,62.85,4.01,0.03,0.93,18.2,,,44.0,54.8
3.83,2.69,0.59,19.72,4.28,62.85,3.92,0.03,0.9,16.4,,,,55.1
3.82,2.92,0.61,19.77,4.23,62.79,3.98,0.03,0.95,18.7,30.2,35.6,46.3,58.0
3.34,2.94,0.6,17.73,4.15,63.97,3.94,0.03,0.97,,33.8,,,57.2
3.53,3.05,0.61,19.96,3.97,62.78,3.98,0.03,0.96,23.1,33.8,39.2,,57.1
3.47,2.96,0.63,20.24,4.03,62.91,4.04,0.03,0.96,20.0,31.3,,,55.3
3.42,2.82,0.67,19.81,3.88,62.64,4.02,0.04,0.96,,32.2,,,55.1
2.66,2.86,0.66,19.82,3.95,62.57,3.99,0.03,0.96,18.8,30.9,,,55.8
3.44,2.84,0.65,19.88,3.9,62.7,4.06,0.04,0.96,,,,44.6,56.3
3.31,2.88,0.69,19.86,3.3,62.6,3.56,0.03,0.96,18.8,,,,56.7
3.44,2.9,0.69,19.97,3.52,62.77,4.0,0.03,0.96,,,,,54.9
3.82,2.79,0.63,19.7,4.14,62.72,3.87,0.03,0.9,,30.2,,45.5,55.7
3.33,2.86,0.62,19.82,4.3,62.66,3.91,0.03,0.91,,30.7,,45.7,58.9
3.31,2.89,0.62,19.7,4.27,62.43,3.84,0.03,0.91,17.4,29.6,34.8,46.5,56.4
3.28,2.91,0.61,19.73,4.27,62.45,3.85,0.03,0.91,,29.7,,45.4,56.8
3.32,3.01,0.61,19.53,4.31,62.25,3.81,0.03,0.92,,28.9,,45.2,56.6
3.47,3.0,0.63,19.83,4.35,62.59,3.86,0.03,0.92,18.4,,,47.6,59.4
3.34,3.02,0.6,19.37,4.39,62.37,3.76,0.03,0.95,,31.4,,46.5,56.6
3.51,2.96,0.58,20.18,4.39,63.16,3.8,0.05,0.99,,33.2,,46.6,57.3
3.24,2.97,0.59,19.61,4.51,62.79,3.78,0.03,0.96,,,,47.1,57.1
3.34,3.0,0.6,19.7,4.37,62.86,3.82,0.03,0.96,,30.7,,48.8,60.5
6.02,2.74,0.55,18.63,4.15,62.86,3.54,0.03,0.95,17.0,29.7,,,57.4
3.21,2.97,0.59,19.38,4.29,62.46,3.77,0.03,0.96,21.1,,,50.2,60.1
5.02,2.97,0.57,19.16,4.16,63.3,3.74,0.03,0.94,,33.3,,49.9,60.0
5.99,2.85,0.55,18.29,4.08,62.82,3.51,0.03,0.93,,30.1,,,58.7
3.38,2.92,0.58,20.12,4.52,62.75,3.9,0.03,0.95,,32.7,,49.1,60.5
3.18,2.66,0.58,19.75,4.34,62.61,3.75,0.03,0.97,18.4,32.1,37.7,50.6,59.3
3.54,2.7,0.59,19.75,4.3,62.35,3.77,0.03,1.01,17.4,31.4,,,58.0
2.92,3.0,0.57,19.68,4.36,62.65,3.76,0.02,1.01,,35.0,,50.6,60.9
3.41,2.92,0.58,19.85,4.33,62.57,3.74,0.02,1.05,18.9,28.9,,,53.1
3.05,2.85,0.59,19.96,4.24,62.24,3.88,0.03,1.04,,33.7,,49.6,60.6
3.41,2.83,0.58,20.03,4.23,61.74,3.8,0.04,1.04,19.6,31.0,,,57.1
3.31,2.82,0.59,19.9,4.23,62.25,3.87,0.03,1.02,17.1,,,46.5,58.8
4.77,2.85,0.58,19.81,4.21,61.58,3.83,0.04,1.03,16.7,,,,57.9
3.41,2.83,0.6,19.98,4.11,62.62,3.87,0.03,0.98,,29.4,,50.5,57.0
3.13,2.82,0.6,20.33,4.24,61.8,3.98,0.04,1.01,,31.4,,,57.4
3.47,2.73,0.64,20.27,4.29,62.9,3.88,0.03,0.93,,30.0,,46.0,56.4
3.88,2.71,0.63,20.1,4.35,62.93,3.81,0.03,0.92,17.5,27.7,,,56.2
3.6,2.77,0.62,20.03,4.37,62.9,3.81,0.03,0.88,19.6,29.6,35.5,48.0,59.8
3.71,2.66,0.63,20.07,4.34,62.9,3.81,0.03,0.92,19.7,29.7,,,58.5
3.72,2.81,0.62,19.86,4.33,62.16,3.84,0.03,0.9,,30.7,,47.7,58.4
3.8,2.69,0.63,20.01,4.36,62.94,3.8,0.03,0.92,17.3,28.8,,,58.5
3.96,2.79,0.63,19.97,4.34,62.83,3.83,0.03,0.93,17.5,27.9,,,
3.53,2.88,0.59,19.54,4.43,62.85,3.67,0.03,0.93,17.2,,,45.1,
3.6,2.83,0.6,19.49,4.46,62.61,3.65,0.03,0.89,16.7,,,,
3.98,2.82,0.58,19.69,4.3,62.97,3.74,0.03,0.89,,31.3,,49.0,
3.86,2.76,0.6,19.71,4.45,63.02,3.68,0.03,0.91,17.6,28.4,,,
3.65,2.9,0.59,19.89,4.24,63.09,3.86,0.03,0.9,20.4,30.4,37.9,49.2,
3.68,2.77,0.6,19.85,4.41,63.1,3.76,0.03,0.9,17.4,29.3,,,
3.65,2.91,0.6,19.94,4.25,62.94,3.88,0.03,0.94,,29.0,,46.4,
3.7,2.85,0.6,19.9,4.26,63.03,3.83,0.03,0.94,17.1,28.8,,,
3.86,2.81,0.64,19.97,4.31,62.63,3.88,0.03,0.99,,28.9,,46.1,
3.88,2.77,0.64,19.83,4.17,62.77,3.87,0.03,0.97,18.1,29.4,,,
3.23,2.83,0.65,19.83,4.26,62.54,3.88,0.03,1.0,19.0,,,45.5,
3.96,2.88,0.65,19.7,4.34,62.62,3.83,0.04,0.98,16.7,,,,
3.35,2.87,0.67,19.87,4.22,62.4,3.89,0.04,1.0,,28.6,,45.7,
3.87,2.87,0.66,19.85,4.31,62.63,3.84,0.04,0.98,,27.9,,,
3.49,2.91,0.67,19.84,4.25,62.77,3.85,0.04,0.99,,25.6,,44.7,
3.58,2.94,0.66,19.94,4.29,62.76,3.86,0.04,1.02,16.7,26.5,,,
3.64,2.93,0.65,19.85,4.26,62.96,3.74,0.04,0.93,17.0,29.0,35.6,46.8,
3.77,2.9,0.66,19.76,4.29,63.01,3.73,0.04,0.93,16.1,28.2,,,
3.98,2.93,0.6,20.15,4.24,63.0,3.79,0.04,0.93,,29.3,,45.5,
3.95,3.01,0.67,20.16,4.32,63.06,3.8,0.04,0.94,16.7,30.0,,,
3.84,2.91,0.66,20.06,4.25,62.87,3.77,0.04,0.93,,29.4,,46.7,
3.47,2.98,0.67,20.17,4.3,62.98,3.78,0.04,0.93,15.4,29.8,,,
3.7,2.89,0.66,20.16,4.32,63.01,3.85,0.09,0.91,16.5,,,43.7,
3.57,2.93,0.67,20.18,4.32,62.89,3.83,0.04,0.95,14.5,,,,
3.54,2.89,0.67,20.11,4.3,62.92,3.85,0.04,0.94,,28.7,,45.1,
3.58,2.89,0.66,20.11,4.38,63.04,3.8,0.04,0.91,,26.3,,,
3.45,2.9,0.68,19.7,4.09,62.93,3.81,0.03,0.98,,31.2,,48.4,
4.04,2.71,0.67,19.85,4.18,62.93,3.76,0.04,0.95,18.1,30.9,,,
4.12,2.93,0.68,19.88,4.09,63.02,3.84,0.03,0.96,,31.3,,46.5,
4.11,2.95,0.69,19.98,4.08,62.98,3.85,0.04,0.98,16.1,29.7,,,
3.47,2.86,0.68,20.2,4.18,63.1,3.86,0.03,0.92,,28.8,,,
3.82,2.84,0.69,20.02,4.11,63.12,3.81,0.03,0.95,17.1,30.3,,,
3.42,0.66,4.32,20.08,0.93,62.89,3.86,0.96,2.69,,,,,
3.55,2.81,0.66,20.06,4.4,63.04,3.8,0.03,0.9,14.7,,,,
3.57,2.86,0.67,19.87,4.29,62.8,3.82,0.03,0.93,,29.7,,,
3.73,2.8,0.67,19.81,4.33,62.73,3.8,0.03,0.93,,29.6,,,
3.56,2.87,0.71,19.91,4.18,62.94,3.89,0.04,0.99,,30.4,,,
3.69,2.86,0.68,19.83,4.26,62.95,3.83,0.03,0.93,15.7,28.3,,,
3.27,2.92,0.71,19.87,4.13,62.98,3.88,0.03,0.97,,,,,
3.66,2.9,0.7,19.83,4.18,63.08,3.85,0.03,0.97,,,,,
